date,госдолг,мосбиржа,экономика,акции,инвестиции,портфолио,инфляция,кредит,доход,капитал,вложить,война,заболеваемость,правительство
2007-01-07,0,48,55,53,57,0,77,65,75,60,0,37,0,60
2007-01-14,0,0,48,41,46,0,51,66,90,58,0,55,0,40
2007-01-21,0,0,40,43,45,85,0,67,87,66,0,53,25,38
2007-01-28,0,0,42,60,23,26,26,53,72,52,32,46,0,47
2007-02-04,0,0,43,60,47,56,25,70,67,55,25,58,26,47
2007-02-11,40,0,44,78,28,62,18,60,44,49,64,45,0,36
2007-02-18,43,0,45,67,47,51,0,65,60,74,100,65,0,30
2007-02-25,0,0,44,63,43,57,62,81,45,67,0,51,57,79
2007-03-04,45,0,42,19,42,42,36,51,62,58,0,49,0,41
2007-03-11,0,0,49,64,57,23,57,68,54,63,0,58,0,48
2007-03-18,0,0,42,60,48,57,0,79,38,79,0,60,35,69
2007-03-25,0,0,57,53,51,42,40,76,43,73,0,56,73,28
2007-04-01,0,0,62,81,47,44,40,83,88,74,0,63,0,66
2007-04-08,0,0,52,67,73,84,54,68,92,100,0,79,0,73
2007-04-15,0,48,64,55,68,66,68,70,74,89,67,81,49,59
2007-04-22,38,0,56,93,62,45,28,75,77,71,0,80,0,45
2007-04-29,68,0,47,85,39,33,50,65,21,45,0,76,0,39
2007-05-06,0,0,49,58,54,53,38,58,73,70,0,98,0,32
2007-05-13,100,0,76,71,72,42,54,79,40,76,0,85,26,48
2007-05-20,81,0,66,61,53,0,52,75,65,56,26,67,0,42
2007-05-27,40,0,54,58,38,33,40,64,18,86,0,51,0,26
2007-06-03,71,0,42,46,55,54,9,67,67,73,24,60,40,28
2007-06-10,0,0,42,43,40,58,0,86,53,55,0,43,0,37
2007-06-17,0,0,32,69,32,34,34,83,54,90,27,44,0,77
2007-06-24,0,0,30,58,42,17,10,70,86,65,0,33,23,48
2007-07-01,52,0,18,71,46,65,29,78,43,76,0,39,0,22
2007-07-08,0,0,14,56,34,41,15,70,8,68,70,32,0,65
2007-07-15,0,0,12,51,32,44,0,78,50,59,56,29,0,52
2007-07-22,0,0,14,64,26,51,43,78,0,53,0,28,0,45
2007-07-29,0,72,12,45,31,28,15,75,55,60,56,36,0,36
2007-08-05,0,63,15,53,36,41,17,94,32,63,0,37,100,42
2007-08-12,0,0,20,58,26,43,15,87,24,62,38,39,0,55
2007-08-19,0,0,13,58,38,33,18,81,30,70,0,32,0,39
2007-08-26,0,0,23,61,28,21,26,87,44,44,0,54,0,43
2007-09-02,0,100,39,54,27,50,19,75,48,59,0,46,0,41
2007-09-09,0,25,48,62,32,37,27,80,57,57,41,51,0,87
2007-09-16,0,0,52,65,50,35,16,76,53,78,22,44,0,83
2007-09-23,0,0,52,55,38,65,43,77,59,59,34,53,0,100
2007-09-30,0,65,51,56,54,74,25,87,63,65,36,63,0,51
2007-10-07,0,23,57,78,61,59,59,83,67,62,16,67,0,55
2007-10-14,0,0,54,70,60,57,68,85,61,83,23,57,0,42
2007-10-21,0,0,56,68,52,67,51,87,43,86,79,67,69,71
2007-10-28,0,0,65,82,94,64,71,96,50,87,24,66,38,53
2007-11-04,0,0,62,79,47,71,39,94,69,77,33,74,0,32
2007-11-11,0,0,68,73,59,53,67,100,81,87,27,73,0,87
2007-11-18,0,0,84,95,79,58,63,96,72,88,28,86,0,35
2007-11-25,0,0,56,86,75,83,43,89,47,84,17,78,28,73
2007-12-02,0,17,92,100,100,100,55,98,71,81,31,77,0,49
2007-12-09,0,0,81,72,58,37,64,91,51,66,56,96,0,71
2007-12-16,0,69,100,87,76,52,100,89,55,83,51,100,0,73
2007-12-23,0,0,80,58,71,63,76,93,100,71,60,94,0,90
2007-12-30,0,0,37,47,47,19,24,45,93,40,0,64,0,26
2008-01-06,0,0,48,44,66,51,31,65,84,60,29,16,0,30
2008-01-13,0,0,57,58,56,47,54,78,92,74,0,18,29,45
2008-01-20,0,0,56,88,72,72,58,71,84,88,16,20,0,52
2008-01-27,0,52,45,64,69,51,30,75,69,72,54,16,0,74
2008-02-03,0,52,52,62,53,45,38,81,100,68,19,21,0,57
2008-02-10,55,48,53,60,45,50,58,77,71,71,0,24,0,36
2008-02-17,0,0,48,62,60,31,28,78,46,71,34,25,30,48
2008-02-24,0,0,55,55,62,53,57,69,44,72,36,21,0,37
2008-03-02,0,0,44,51,59,44,43,70,56,52,40,22,0,50
2008-03-09,0,0,60,47,70,55,39,80,58,65,21,21,33,33
2008-03-16,0,0,68,53,62,53,82,95,58,72,30,25,0,65
2008-03-23,0,0,61,64,100,58,66,92,58,80,29,22,0,39
2008-03-30,64,0,48,57,61,48,79,79,67,92,100,24,0,37
2008-04-06,0,0,61,47,74,48,70,92,78,93,34,28,0,32
2008-04-13,0,0,57,61,78,49,76,85,61,98,25,29,0,35
2008-04-20,0,0,68,52,76,42,64,92,72,83,0,28,46,43
2008-04-27,55,0,43,41,60,51,47,64,72,51,34,27,0,52
2008-05-04,0,0,53,44,83,73,80,85,62,69,36,34,0,64
2008-05-11,56,0,77,80,73,45,63,92,60,81,40,36,32,100
2008-05-18,45,0,67,63,73,54,83,98,71,87,33,27,0,53
2008-05-25,0,0,68,49,81,71,90,88,69,85,31,23,47,50
2008-06-01,0,0,42,57,65,64,47,85,56,95,26,23,0,60
2008-06-08,0,0,51,46,55,73,52,71,75,63,0,20,0,39
2008-06-15,51,0,37,59,54,56,33,79,60,77,14,18,0,35
2008-06-22,74,0,29,57,59,67,61,86,54,71,0,18,0,44
2008-06-29,39,0,21,42,29,44,46,78,55,66,32,15,0,31
2008-07-06,0,0,21,48,53,30,30,83,52,79,37,15,22,34
2008-07-13,0,0,21,51,23,47,35,88,54,69,49,13,0,29
2008-07-20,68,0,15,42,25,62,39,83,44,82,21,14,0,27
2008-07-27,0,0,13,60,23,40,33,85,57,63,47,12,71,51
2008-08-03,0,0,18,52,42,46,27,85,22,62,0,59,0,45
2008-08-10,0,0,17,59,38,23,9,78,44,48,29,100,0,76
2008-08-17,0,0,11,52,41,51,24,82,48,56,39,29,0,38
2008-08-24,0,0,16,45,35,37,15,69,31,63,58,26,57,44
2008-08-31,0,0,39,54,44,46,47,79,46,67,57,21,74,41
2008-09-07,66,0,51,62,57,60,33,79,49,79,70,24,23,31
2008-09-14,33,0,54,85,46,63,36,85,55,80,62,20,27,42
2008-09-21,0,61,61,64,82,68,48,89,51,79,44,23,32,45
2008-09-28,0,0,65,49,71,74,66,86,63,99,29,22,51,69
2008-10-05,40,0,65,100,56,56,58,100,54,100,47,20,37,42
2008-10-12,0,0,69,81,73,53,63,83,58,92,15,23,0,54
2008-10-19,44,0,75,79,66,70,82,92,38,99,59,22,0,52
2008-10-26,40,0,78,92,74,57,77,86,66,79,54,26,0,75
2008-11-02,0,0,56,73,60,54,73,68,79,79,39,23,0,40
2008-11-09,0,0,73,75,73,86,78,76,73,90,60,33,0,51
2008-11-16,0,0,75,79,79,71,73,75,63,92,0,30,0,43
2008-11-23,61,0,80,74,70,56,87,75,85,87,44,29,100,63
2008-11-30,0,0,85,80,55,63,100,85,87,98,49,29,0,62
2008-12-07,100,0,100,90,57,88,65,83,78,92,44,31,0,77
2008-12-14,0,100,93,86,55,100,98,82,70,90,45,30,0,65
2008-12-21,0,66,99,85,77,71,97,87,89,95,34,34,0,78
2008-12-28,87,0,32,49,15,44,26,41,56,57,19,25,33,38
2009-01-04,0,0,55,36,43,45,49,62,67,59,61,58,24,41
2009-01-11,37,0,85,60,69,40,63,88,96,90,59,71,0,73
2009-01-18,30,0,66,56,62,64,76,88,78,76,0,69,0,63
2009-01-25,0,0,59,53,63,80,56,91,66,67,62,61,20,65
2009-02-01,0,0,62,59,58,43,62,80,74,81,85,69,0,58
2009-02-08,42,49,53,63,57,61,62,78,79,65,40,67,0,76
2009-02-15,0,0,72,48,74,76,51,80,79,72,0,76,0,59
2009-02-22,0,0,67,54,57,51,60,77,69,75,42,79,100,61
2009-03-01,0,0,64,46,70,53,57,81,48,69,54,79,26,53
2009-03-08,0,0,79,50,65,60,49,72,45,69,24,80,0,56
2009-03-15,0,0,78,57,80,58,71,88,79,87,27,92,21,61
2009-03-22,0,100,69,53,67,87,56,85,91,91,0,69,0,61
2009-03-29,0,0,70,49,89,56,86,82,63,78,50,78,24,71
2009-04-05,0,0,72,57,87,66,76,87,91,87,27,80,0,88
2009-04-12,0,0,77,60,93,78,81,87,93,83,38,84,0,63
2009-04-19,0,0,70,60,71,77,100,78,74,77,0,88,32,53
2009-04-26,0,0,52,55,73,75,39,78,83,60,100,80,0,49
2009-05-03,0,0,67,51,66,53,48,69,66,63,20,100,18,59
2009-05-10,0,0,65,56,72,74,57,81,75,67,36,82,26,53
2009-05-17,0,39,91,58,73,72,71,80,73,84,46,76,56,66
2009-05-24,0,0,77,63,100,54,57,85,80,87,31,72,19,50
2009-05-31,0,0,72,66,67,59,61,81,49,82,76,59,0,50
2009-06-07,0,0,53,62,77,70,29,77,65,75,44,59,0,52
2009-06-14,0,0,57,54,61,64,46,83,57,74,64,63,0,56
2009-06-21,0,0,35,51,47,49,34,76,42,68,0,62,0,42
2009-06-28,86,0,21,55,47,45,14,77,52,76,0,47,0,39
2009-07-05,0,0,20,48,42,59,18,76,45,54,34,43,0,34
2009-07-12,0,85,17,38,35,64,26,90,41,62,57,43,0,45
2009-07-19,0,0,20,48,42,48,14,85,43,60,61,44,0,42
2009-07-26,0,0,22,52,40,60,24,88,38,50,53,47,0,58
2009-08-02,0,0,19,45,35,46,21,80,32,60,56,51,0,36
2009-08-09,0,54,26,50,44,50,30,78,38,54,0,51,0,57
2009-08-16,0,0,17,46,37,69,28,82,44,53,18,43,99,45
2009-08-23,44,0,23,60,49,48,18,80,37,59,33,47,16,49
2009-08-30,0,0,33,60,43,59,20,79,42,56,95,52,0,51
2009-09-06,38,0,64,57,54,68,24,77,42,67,23,52,0,55
2009-09-13,0,0,66,61,44,82,54,83,44,69,31,52,0,49
2009-09-20,0,70,71,60,57,72,32,86,67,72,55,54,19,47
2009-09-27,0,0,77,61,45,56,41,83,49,71,40,52,0,50
2009-10-04,0,0,67,58,74,92,70,89,62,82,36,54,0,58
2009-10-11,0,0,70,69,75,65,68,82,65,70,91,59,35,70
2009-10-18,0,0,68,57,72,71,43,92,58,76,82,55,18,61
2009-10-25,0,0,67,58,68,91,49,94,64,77,50,61,0,62
2009-11-01,0,0,55,67,67,72,36,79,58,68,19,61,26,59
2009-11-08,23,0,61,63,74,61,42,82,79,76,38,61,48,67
2009-11-15,0,0,67,63,63,100,59,90,67,87,85,71,85,63
2009-11-22,100,64,80,72,67,83,42,95,78,75,70,64,38,63
2009-11-29,0,0,86,79,74,73,87,92,70,78,45,74,0,67
2009-12-06,0,0,88,94,85,77,87,100,90,85,73,74,26,81
2009-12-13,22,0,92,96,88,71,81,92,99,79,51,75,19,100
2009-12-20,0,0,100,100,80,76,68,100,100,100,27,86,20,93
2009-12-27,0,75,42,65,29,62,33,61,42,52,30,56,49,56
2010-01-03,0,0,44,55,28,71,49,49,54,57,71,48,0,33
2010-01-10,0,0,70,57,51,72,53,81,87,81,67,59,27,77
2010-01-17,0,0,72,58,53,91,83,76,83,72,52,68,32,77
2010-01-24,68,0,66,60,48,99,55,77,81,69,27,62,42,61
2010-01-31,0,0,57,60,43,96,61,73,68,70,62,66,50,65
2010-02-07,33,0,64,57,45,100,44,78,76,70,68,69,89,66
2010-02-14,0,0,65,55,43,88,57,79,80,64,66,71,27,66
2010-02-21,0,0,62,54,44,84,62,73,75,64,40,65,38,61
2010-02-28,0,26,62,56,54,81,37,77,74,68,60,68,22,60
2010-03-07,0,17,54,60,47,85,52,80,73,62,80,67,50,82
2010-03-14,0,0,78,68,59,90,74,91,90,76,50,80,0,89
2010-03-21,0,0,66,57,61,71,68,88,82,71,41,64,73,72
2010-03-28,0,31,60,63,64,93,64,86,77,74,62,75,0,65
2010-04-04,0,0,66,56,65,98,75,77,57,68,31,87,49,91
2010-04-11,0,0,75,62,54,88,52,87,86,73,26,92,45,81
2010-04-18,0,0,62,60,57,77,66,81,87,75,43,93,0,74
2010-04-25,47,0,63,54,59,68,53,80,100,68,45,90,54,71
2010-05-02,0,0,62,49,55,72,63,73,54,58,51,100,28,57
2010-05-09,0,0,71,57,64,78,79,80,78,71,65,87,38,81
2010-05-16,32,0,83,58,58,81,81,84,100,74,46,63,43,82
2010-05-23,0,24,69,66,58,65,71,94,69,76,31,53,0,100
2010-05-30,24,0,66,63,55,82,71,81,72,68,47,53,0,77
2010-06-06,0,100,62,55,47,62,66,84,80,68,42,46,0,65
2010-06-13,0,26,55,57,53,70,65,80,91,63,28,48,0,66
2010-06-20,23,0,40,60,36,63,60,81,69,68,69,48,0,55
2010-06-27,100,0,26,52,33,53,26,76,58,55,13,35,0,51
2010-07-04,0,0,24,50,31,52,15,83,61,53,52,35,0,59
2010-07-11,0,0,17,47,20,54,30,78,55,52,48,33,56,47
2010-07-18,0,0,19,50,19,50,16,75,42,54,55,36,0,55
2010-07-25,33,29,15,50,31,62,34,75,46,54,63,37,0,60
2010-08-01,0,0,20,39,19,39,27,76,55,55,100,42,26,63
2010-08-08,45,0,16,53,23,55,30,77,27,53,48,38,0,83
2010-08-15,25,0,21,44,35,57,32,84,37,52,51,39,0,69
2010-08-22,0,0,24,52,25,50,26,77,33,53,35,39,0,58
2010-08-29,0,0,37,52,32,70,13,76,45,57,67,39,0,48
2010-09-05,0,0,68,53,35,53,55,86,59,64,56,44,0,54
2010-09-12,0,33,66,53,38,70,45,86,62,61,72,43,0,66
2010-09-19,0,0,70,53,38,74,53,92,60,73,52,53,0,61
2010-09-26,0,0,65,60,46,71,55,83,61,75,28,51,20,80
2010-10-03,0,0,62,82,82,79,68,87,65,67,40,49,33,73
2010-10-10,0,0,66,86,89,74,57,88,59,73,20,50,0,76
2010-10-17,0,0,70,81,92,82,69,92,79,72,52,56,55,70
2010-10-24,0,0,70,90,85,84,71,89,64,74,81,56,0,94
2010-10-31,0,15,57,86,100,83,65,72,55,69,67,54,37,71
2010-11-07,40,0,68,76,75,87,67,93,78,75,68,59,33,100
2010-11-14,0,0,73,81,72,86,71,89,76,100,65,63,52,90
2010-11-21,36,0,76,80,74,96,76,91,79,83,65,74,100,82
2010-11-28,43,0,70,86,80,74,77,86,74,73,60,67,23,85
2010-12-05,30,0,74,88,76,84,86,99,80,81,60,70,0,71
2010-12-12,0,0,83,92,74,76,100,97,68,81,39,79,65,82
2010-12-19,68,0,100,100,55,80,90,100,82,81,44,78,0,83
2010-12-26,20,0,43,70,26,43,69,65,59,58,68,53,0,71
2011-01-02,0,100,39,37,41,36,38,48,69,63,38,36,0,32
2011-01-09,0,0,74,54,76,57,59,68,95,89,67,46,26,67
2011-01-16,52,0,77,55,89,55,49,70,90,91,42,46,37,83
2011-01-23,22,0,71,59,74,71,63,69,96,86,55,45,41,79
2011-01-30,15,0,49,52,71,65,46,72,94,78,90,45,34,77
2011-02-06,26,0,62,63,68,63,44,69,86,85,68,44,100,74
2011-02-13,0,0,70,56,68,63,73,68,77,82,59,59,47,71
2011-02-20,21,20,65,47,66,58,58,71,80,71,52,71,36,67
2011-02-27,0,0,65,58,78,52,41,72,69,75,85,56,0,86
2011-03-06,0,0,51,52,49,56,45,69,63,67,49,46,52,64
2011-03-13,10,0,72,54,78,62,64,75,79,82,31,53,23,73
2011-03-20,0,0,64,52,85,72,56,83,74,80,64,62,0,72
2011-03-27,12,0,68,53,98,68,57,79,82,76,46,50,53,73
2011-04-03,16,0,71,59,99,67,61,76,82,86,45,62,45,78
2011-04-10,28,0,75,57,90,62,75,78,100,84,74,70,29,95
2011-04-17,0,0,69,57,83,60,62,82,97,86,60,61,21,78
2011-04-24,42,0,64,53,83,48,62,74,93,75,39,59,87,72
2011-05-01,0,0,59,49,73,48,67,65,74,68,32,62,52,59
2011-05-08,0,0,76,50,99,53,63,72,80,72,45,68,72,62
2011-05-15,15,0,86,55,92,54,76,83,81,78,74,59,47,75
2011-05-22,0,0,80,56,97,56,76,80,71,73,57,49,28,82
2011-05-29,18,21,67,53,90,43,56,78,82,84,52,38,0,65
2011-06-05,20,0,76,63,77,58,77,80,70,81,40,36,41,70
2011-06-12,18,0,58,57,74,50,60,78,69,73,53,39,0,57
2011-06-19,15,0,49,58,69,53,43,80,60,71,81,44,22,58
2011-06-26,22,0,27,46,58,51,35,74,59,63,42,35,27,49
2011-07-03,0,0,27,54,34,50,33,77,54,58,55,29,20,49
2011-07-10,67,0,29,50,30,26,36,77,53,57,53,32,0,45
2011-07-17,50,0,20,50,38,36,19,72,52,59,73,29,0,43
2011-07-24,93,0,25,48,36,43,30,66,51,59,78,30,0,56
2011-07-31,100,36,22,48,40,41,29,79,45,63,48,33,42,57
2011-08-07,52,0,23,51,34,51,33,78,38,65,63,32,0,58
2011-08-14,9,0,28,55,41,45,30,82,44,71,66,34,0,62
2011-08-21,33,0,28,52,43,49,33,76,38,67,62,36,0,57
2011-08-28,17,0,36,46,46,56,27,74,49,67,21,36,0,48
2011-09-04,0,0,68,48,50,70,41,80,55,71,53,40,52,54
2011-09-11,44,0,80,54,72,75,48,80,59,87,58,40,67,72
2011-09-18,31,0,84,54,58,69,35,82,55,90,46,42,25,66
2011-09-25,16,0,78,55,62,80,48,83,70,87,63,47,31,83
2011-10-02,29,0,69,79,62,68,68,83,79,86,60,44,0,81
2011-10-09,8,0,76,63,85,79,67,85,64,80,85,47,35,80
2011-10-16,26,0,83,58,70,75,70,90,71,94,46,48,84,84
2011-10-23,29,28,73,56,78,84,73,92,66,89,56,51,25,88
2011-10-30,44,0,60,62,64,95,50,87,68,86,58,51,0,68
2011-11-06,27,21,76,62,81,100,79,85,70,89,57,85,0,100
2011-11-13,24,0,80,76,97,89,76,89,75,92,63,100,49,88
2011-11-20,25,29,83,73,98,89,77,92,85,100,82,98,58,95
2011-11-27,27,0,90,81,86,94,94,92,76,96,70,80,55,97
2011-12-04,16,0,91,100,97,89,100,92,92,97,64,69,51,96
2011-12-11,18,39,100,81,100,75,88,93,100,95,92,70,59,95
2011-12-18,25,0,96,88,97,69,87,100,97,96,86,71,51,85
2011-12-25,39,0,62,69,68,32,57,79,64,70,80,61,43,66
2012-01-01,0,0,37,48,48,52,39,57,61,76,100,58,20,40
2012-01-01,0,0,43,41,47,46,42,48,50,76,87,61,20,17
2012-01-08,74,32,80,53,86,78,72,75,68,97,88,68,24,32
2012-01-15,39,72,92,52,74,90,89,76,72,96,82,77,36,36
2012-01-22,41,0,77,51,70,86,77,76,90,100,100,77,50,36
2012-01-29,0,0,69,53,71,82,59,72,72,90,89,72,90,38
2012-02-05,20,100,80,56,65,83,67,74,71,94,74,74,30,39
2012-02-12,38,0,78,56,80,81,73,74,81,95,76,88,55,37
2012-02-19,0,82,83,53,75,70,64,75,61,84,71,100,48,32
2012-02-26,0,0,83,62,88,77,74,79,70,86,73,95,14,35
2012-03-04,55,0,64,58,57,51,56,66,53,65,47,83,60,31
2012-03-11,34,51,82,58,83,72,61,88,76,99,51,93,70,43
2012-03-18,40,0,82,53,78,71,66,85,81,86,81,83,78,38
2012-03-25,53,0,72,58,83,82,65,86,67,95,72,73,62,37
2012-04-01,59,0,85,56,79,81,85,86,89,85,75,88,60,39
2012-04-08,100,68,82,55,88,65,90,88,77,85,68,86,81,40
2012-04-15,24,0,77,55,71,70,80,83,87,83,66,80,0,40
2012-04-22,32,0,85,56,90,69,75,79,100,83,57,85,0,38
2012-04-29,20,0,63,50,69,47,50,72,56,68,59,76,27,34
2012-05-06,52,0,67,55,72,48,78,73,65,64,60,83,93,41
2012-05-13,35,0,93,65,95,64,85,91,79,85,70,82,46,65
2012-05-20,55,36,87,55,93,57,69,78,66,85,84,70,31,100
2012-05-27,0,68,74,58,100,60,65,84,72,82,76,64,35,46
2012-06-03,0,0,82,57,79,46,69,80,54,82,65,57,40,43
2012-06-10,49,0,72,50,75,52,52,75,61,66,52,53,0,34
2012-06-17,33,0,51,57,65,42,55,77,64,73,59,55,35,31
2012-06-24,0,0,45,53,47,46,25,77,51,71,68,49,31,30
2012-07-01,23,0,33,49,45,40,30,77,48,70,70,43,21,31
2012-07-08,0,0,27,51,50,36,23,79,45,59,53,46,19,33
2012-07-15,99,31,30,52,46,34,31,85,47,65,54,49,26,34
2012-07-22,0,0,27,53,51,38,31,84,47,62,77,48,29,32
2012-07-29,0,0,25,54,42,35,25,80,41,56,91,44,20,30
2012-08-05,43,60,24,54,47,41,25,82,48,57,59,46,0,31
2012-08-12,32,0,29,60,47,42,27,86,37,64,70,49,0,34
2012-08-19,70,0,26,50,38,52,24,85,45,64,56,52,0,27
2012-08-26,0,38,30,53,33,51,39,83,35,71,53,50,0,30
2012-09-02,70,0,70,53,63,61,39,82,43,68,59,58,29,35
2012-09-09,80,0,88,61,59,76,58,83,48,75,68,55,28,36
2012-09-16,30,0,83,61,69,74,51,89,59,86,59,59,39,36
2012-09-23,0,0,86,60,63,79,51,87,60,83,70,58,24,39
2012-09-30,0,0,81,58,80,77,49,84,62,76,78,58,32,37
2012-10-07,37,0,80,61,79,70,49,83,64,85,67,52,18,35
2012-10-14,78,0,86,63,73,81,57,91,65,81,56,57,44,43
2012-10-21,45,0,82,70,78,80,64,88,69,83,69,59,63,43
2012-10-28,59,0,71,70,68,79,74,88,70,82,75,55,100,39
2012-11-04,0,0,70,68,68,100,66,83,61,83,75,54,0,34
2012-11-11,0,0,79,72,67,79,75,93,67,93,55,65,21,42
2012-11-18,51,0,92,75,92,82,93,96,79,91,68,64,66,42
2012-11-25,57,0,95,81,98,88,81,92,77,90,51,61,29,43
2012-12-02,31,0,96,84,91,79,94,100,77,86,71,61,59,46
2012-12-09,64,0,97,89,80,69,94,99,86,91,78,70,24,46
2012-12-16,16,0,100,100,84,74,87,93,86,87,60,65,23,44
2012-12-23,74,0,91,98,78,49,100,98,78,94,81,72,18,45
2012-12-30,75,0,33,55,46,44,37,59,49,54,55,58,0,15
2013-01-06,26,0,57,37,64,81,65,69,77,86,86,43,0,62
2013-01-13,23,0,74,38,78,100,72,74,85,91,61,51,84,90
2013-01-20,23,53,74,40,81,85,79,80,85,88,62,54,55,91
2013-01-27,14,25,63,41,79,90,66,79,73,85,67,58,0,93
2013-02-03,12,0,64,40,75,93,64,78,81,84,68,60,89,100
2013-02-10,20,0,65,43,72,85,44,79,76,78,67,56,100,92
2013-02-17,14,0,64,42,74,89,60,79,73,80,60,68,33,79
2013-02-24,20,0,67,40,72,85,67,76,75,86,50,67,66,89
2013-03-03,12,0,51,43,65,61,46,74,55,71,63,63,20,77
2013-03-10,12,0,70,38,81,71,71,87,77,88,71,83,82,88
2013-03-17,10,22,68,41,83,67,62,86,80,81,88,77,79,89
2013-03-24,12,0,65,42,97,81,63,94,84,89,71,77,55,88
2013-03-31,6,0,71,42,73,72,79,88,84,81,59,100,69,85
2013-04-07,5,0,71,43,84,71,78,83,84,89,62,95,47,92
2013-04-14,17,53,72,41,90,67,68,83,100,83,56,82,67,95
2013-04-21,18,0,68,43,90,59,84,84,83,91,43,67,61,95
2013-04-28,17,0,51,37,66,50,50,71,59,58,36,57,53,56
2013-05-05,6,0,53,36,60,48,45,68,62,60,49,68,52,56
2013-05-12,11,0,79,39,92,62,76,83,72,85,57,62,0,77
2013-05-19,16,43,71,40,100,60,73,84,70,83,40,53,42,97
2013-05-26,12,71,65,42,87,44,71,83,84,86,44,52,47,73
2013-06-02,9,0,65,38,77,44,74,85,74,84,66,47,0,81
2013-06-09,0,0,62,39,71,45,87,75,71,79,56,47,71,75
2013-06-16,18,32,51,39,72,55,53,84,69,77,54,61,42,70
2013-06-23,8,37,40,38,59,32,42,80,52,69,50,92,58,64
2013-06-30,0,0,32,39,45,39,34,79,56,67,85,100,32,68
2013-07-07,6,84,23,37,34,34,21,79,48,67,58,69,51,73
2013-07-14,8,0,23,38,40,33,33,83,40,67,47,57,72,65
2013-07-21,8,0,23,39,49,31,21,81,49,64,85,51,22,77
2013-07-28,8,0,26,44,40,38,24,74,44,68,62,50,0,65
2013-08-04,10,100,23,40,48,50,26,75,43,69,61,47,0,63
2013-08-11,0,0,24,43,38,43,29,99,51,73,72,53,26,64
2013-08-18,5,0,24,40,49,39,30,79,49,77,62,48,0,67
2013-08-25,11,0,26,40,44,55,29,78,46,67,51,56,30,56
2013-09-01,4,0,65,42,58,68,41,84,49,73,66,65,16,63
2013-09-08,4,0,76,46,59,77,38,74,55,79,70,73,48,76
2013-09-15,13,0,82,46,70,82,49,92,58,79,61,57,58,85
2013-09-22,16,0,77,50,67,75,55,82,60,79,81,53,32,80
2013-09-29,34,34,70,53,67,79,53,83,68,84,79,51,47,98
2013-10-06,52,30,76,48,69,80,67,83,76,87,73,51,34,89
2013-10-13,100,58,81,54,77,78,76,83,75,85,82,52,54,95
2013-10-20,45,0,77,52,78,84,65,88,83,79,65,58,50,93
2013-10-27,15,31,73,55,76,87,64,78,71,86,92,51,18,86
2013-11-03,25,0,59,54,71,89,54,82,65,90,84,50,0,80
2013-11-10,18,36,74,58,79,91,72,81,91,92,81,54,51,88
2013-11-17,24,63,76,57,92,89,73,83,82,100,75,49,65,96
2013-11-24,24,0,83,67,90,79,83,100,89,93,76,49,66,93
2013-12-01,28,37,87,76,78,69,83,87,78,88,68,53,88,95
2013-12-08,11,0,93,78,79,71,100,87,81,91,64,60,83,92
2013-12-15,11,0,100,89,91,65,91,91,98,83,70,55,89,95
2013-12-22,14,0,91,100,77,55,88,97,89,84,100,56,48,92
2013-12-29,6,0,26,55,32,37,30,56,44,51,65,45,0,34
2014-01-05,0,73,31,38,59,69,17,61,83,55,29,36,24,48
2014-01-12,53,0,47,37,82,86,25,65,99,69,24,41,0,71
2014-01-19,30,49,44,39,84,85,24,61,97,66,26,45,50,79
2014-01-26,42,0,40,40,84,80,28,61,86,57,25,42,12,73
2014-02-02,63,0,40,38,64,80,25,60,78,50,22,45,47,73
2014-02-09,45,0,44,42,70,76,33,63,78,62,27,41,40,70
2014-02-16,54,0,46,40,78,72,24,60,75,59,23,57,68,71
2014-02-23,53,0,50,42,77,68,26,58,93,60,26,68,88,100
2014-03-02,98,0,46,54,64,56,23,58,76,52,26,100,43,89
2014-03-09,70,65,58,42,80,66,18,61,87,58,27,78,73,85
2014-03-16,71,0,54,47,89,62,22,61,81,64,24,76,45,91
2014-03-23,52,0,42,40,76,63,21,64,89,63,25,49,78,80
2014-03-30,23,0,51,43,98,74,29,62,92,61,23,64,35,93
2014-04-06,54,0,53,43,88,79,28,61,98,58,26,80,65,85
2014-04-13,58,84,51,41,100,74,28,61,88,62,16,77,12,79
2014-04-20,25,46,46,38,82,62,27,63,85,59,19,67,53,75
2014-04-27,36,0,36,36,71,55,16,55,66,45,16,64,100,57
2014-05-04,47,100,38,39,73,48,19,55,66,45,18,80,46,66
2014-05-11,30,0,54,39,91,70,28,60,81,59,16,61,37,84
2014-05-18,66,0,52,38,94,61,25,63,91,63,21,58,42,94
2014-05-25,20,0,47,39,84,58,22,63,81,63,18,52,36,79
2014-06-01,25,0,40,40,86,32,21,61,80,53,18,44,45,74
2014-06-08,16,0,37,38,70,47,23,58,73,55,15,44,61,57
2014-06-15,45,0,35,40,75,41,16,62,68,57,19,46,0,72
2014-06-22,22,56,31,42,64,42,12,60,76,57,15,46,26,69
2014-06-29,27,0,21,39,51,37,12,59,63,53,20,41,26,57
2014-07-06,26,0,20,40,54,44,8,65,58,54,17,41,0,54
2014-07-13,62,0,18,39,51,35,9,58,55,48,17,46,0,60
2014-07-20,41,0,17,41,45,36,9,66,47,56,18,47,0,59
2014-07-27,42,0,17,41,51,35,11,63,48,54,19,60,15,55
2014-08-03,69,0,20,42,39,35,11,64,45,55,19,58,19,72
2014-08-10,42,0,18,40,47,42,10,60,46,54,21,46,0,59
2014-08-17,44,54,18,43,42,44,9,60,51,53,26,41,0,59
2014-08-24,45,0,21,44,42,49,9,59,50,50,23,53,0,55
2014-08-31,58,0,41,47,53,57,13,57,60,55,22,43,17,63
2014-09-07,89,67,59,48,64,71,16,61,62,64,20,42,21,68
2014-09-14,32,0,58,47,66,78,22,62,70,62,22,41,32,71
2014-09-21,29,0,53,49,83,80,18,61,78,68,26,39,30,68
2014-09-28,47,0,54,53,70,76,23,63,66,74,22,34,59,74
2014-10-05,30,0,55,52,70,77,23,62,75,76,24,42,60,85
2014-10-12,49,0,54,52,85,80,26,65,76,78,23,39,19,81
2014-10-19,20,0,57,55,83,82,18,65,81,74,25,42,62,80
2014-10-26,43,0,51,57,80,81,25,64,77,72,28,44,45,85
2014-11-02,37,52,38,58,67,93,26,63,72,69,39,40,46,56
2014-11-09,18,54,53,57,95,100,39,70,94,74,35,47,41,91
2014-11-16,100,0,56,61,88,98,34,70,89,74,29,58,47,86
2014-11-23,37,51,62,69,93,95,40,74,99,86,30,46,16,97
2014-11-30,56,81,65,74,86,82,46,70,93,84,44,61,51,83
2014-12-07,51,0,74,83,92,78,57,77,98,86,50,51,92,83
2014-12-14,85,86,100,100,93,68,100,100,100,100,100,54,38,93
2014-12-21,62,45,76,90,80,64,55,80,97,82,43,54,29,91
2014-12-28,56,32,27,63,41,35,18,50,55,57,20,39,63,42
2015-01-04,72,0,41,46,49,54,46,60,59,60,91,46,44,36
2015-01-11,79,0,70,47,76,84,88,77,95,83,100,58,26,86
2015-01-18,65,0,82,47,84,93,73,70,92,81,70,69,57,84
2015-01-25,73,49,66,51,76,82,71,76,86,86,74,82,58,92
2015-02-01,61,0,64,50,77,71,69,76,86,81,75,79,65,87
2015-02-08,48,0,66,53,76,77,62,79,69,78,55,78,98,86
2015-02-15,80,0,69,51,85,69,65,78,91,79,72,79,71,80
2015-02-22,74,0,66,51,78,64,66,67,80,77,72,70,45,70
2015-03-01,62,0,69,57,83,57,65,72,79,75,74,68,96,74
2015-03-08,65,41,70,50,76,62,54,66,78,76,58,68,79,74
2015-03-15,84,0,73,49,82,68,62,78,94,81,60,79,81,88
2015-03-22,31,29,54,54,94,67,56,75,82,84,68,61,68,80
2015-03-29,56,93,72,54,92,77,60,75,93,82,75,79,100,100
2015-04-05,61,70,65,51,94,58,77,75,92,77,58,83,62,85
2015-04-12,65,53,69,53,82,65,58,66,94,76,75,81,73,78
2015-04-19,80,57,67,45,91,64,61,74,100,77,45,85,45,87
2015-04-26,57,45,54,45,74,51,51,66,77,65,64,75,75,75
2015-05-03,29,58,48,50,65,46,45,63,65,63,52,100,48,66
2015-05-10,43,0,74,51,85,60,54,70,79,80,39,78,58,73
2015-05-17,50,0,73,50,90,65,57,78,85,79,56,61,74,81
2015-05-24,21,67,62,52,91,48,57,68,77,72,61,51,60,74
2015-05-31,28,85,55,48,89,42,55,74,82,71,61,43,68,72
2015-06-07,27,0,50,44,75,42,54,68,70,61,58,43,65,72
2015-06-14,52,62,49,48,82,49,48,74,75,64,49,41,22,72
2015-06-21,61,0,42,52,64,46,39,76,61,63,46,40,52,71
2015-06-28,60,0,35,49,55,51,32,76,57,63,60,38,34,56
2015-07-05,100,0,33,54,67,35,27,73,51,64,55,33,0,64
2015-07-12,68,45,28,65,60,28,25,73,58,59,57,37,60,66
2015-07-19,36,0,29,50,51,34,20,68,57,58,61,36,32,63
2015-07-26,48,31,25,50,51,32,23,76,53,66,42,39,28,50
2015-08-02,35,0,26,58,52,36,24,74,57,57,57,35,18,62
2015-08-09,38,0,27,53,53,32,24,77,51,59,51,35,0,64
2015-08-16,56,0,28,47,53,38,42,76,52,63,69,38,0,59
2015-08-23,68,41,38,53,48,55,30,71,51,60,64,35,32,62
2015-08-30,30,0,59,51,52,61,25,65,55,60,51,41,27,63
2015-09-06,40,0,84,54,62,74,47,75,59,76,58,44,0,68
2015-09-13,37,30,74,51,74,76,44,76,66,70,57,41,87,72
2015-09-20,61,47,74,57,79,74,42,72,69,73,70,51,51,85
2015-09-27,36,0,66,57,66,69,44,70,72,68,65,49,45,75
2015-10-04,20,30,70,60,78,67,49,73,73,73,69,45,0,85
2015-10-11,37,100,72,57,89,78,58,75,80,77,62,42,51,78
2015-10-18,44,33,72,58,85,88,50,77,80,74,65,46,0,85
2015-10-25,58,29,68,58,84,76,46,85,80,76,70,51,57,81
2015-11-01,65,0,58,63,71,84,58,75,89,70,57,44,58,70
2015-11-08,36,62,67,67,77,100,64,77,88,77,68,54,65,87
2015-11-15,35,45,70,67,99,77,67,82,84,74,63,59,98,85
2015-11-22,37,0,80,71,91,71,64,78,89,75,64,78,77,92
2015-11-29,29,0,81,79,99,77,76,83,97,100,68,69,76,93
2015-12-06,55,0,89,83,99,70,85,85,92,98,78,69,57,90
2015-12-13,43,50,98,90,100,65,100,100,98,81,73,63,81,96
2015-12-20,51,28,100,100,98,58,86,97,94,78,68,61,68,100
2015-12-27,23,67,35,66,51,33,43,63,59,57,61,39,24,56
2016-01-03,49,0,50,51,54,62,49,65,68,66,68,43,19,38
2016-01-10,57,19,81,57,77,88,83,91,91,99,95,49,37,84
2016-01-17,74,45,99,64,84,100,98,88,100,93,100,55,37,88
2016-01-24,60,36,76,56,77,91,75,93,87,100,79,53,69,80
2016-01-31,100,41,74,61,82,80,61,90,96,93,86,53,93,86
2016-02-07,47,43,80,59,87,81,78,88,91,91,73,61,80,88
2016-02-14,38,34,89,61,92,77,73,90,92,90,73,62,100,100
2016-02-21,49,22,76,59,80,75,54,79,81,84,64,57,73,76
2016-02-28,20,0,78,66,80,66,55,78,85,84,74,57,29,97
2016-03-06,24,0,65,57,82,66,53,77,75,72,80,58,29,64
2016-03-13,83,23,96,62,100,73,76,90,93,87,73,66,61,92
2016-03-20,14,42,75,57,84,72,74,86,100,89,74,52,60,89
2016-03-27,29,26,76,54,93,83,71,87,97,89,72,57,50,86
2016-04-03,40,12,88,62,88,79,74,86,92,86,69,70,73,78
2016-04-10,34,30,79,55,96,73,80,87,96,81,68,61,39,97
2016-04-17,46,54,78,56,92,81,68,88,95,81,59,59,69,91
2016-04-24,25,16,70,56,84,64,65,81,97,77,69,61,53,84
2016-05-01,47,48,59,53,67,53,49,72,65,59,57,74,37,66
2016-05-08,37,31,68,55,80,61,68,71,68,73,58,100,63,75
2016-05-15,59,62,89,54,92,80,89,84,87,83,62,62,54,86
2016-05-22,55,16,83,52,90,60,83,74,85,78,74,44,54,81
2016-05-29,51,33,67,57,87,54,54,77,74,77,70,34,86,79
2016-06-05,24,0,61,55,85,45,83,84,90,82,52,37,56,82
2016-06-12,13,15,50,56,67,43,52,74,72,66,44,32,35,59
2016-06-19,13,14,48,53,68,49,41,76,68,68,55,38,42,68
2016-06-26,41,0,39,54,56,47,39,72,55,77,43,30,27,56
2016-07-03,30,0,36,57,53,42,28,68,61,73,61,29,0,64
2016-07-10,28,0,29,52,41,41,22,70,52,60,50,31,0,57
2016-07-17,20,0,31,56,45,34,24,70,49,64,50,30,43,53
2016-07-24,20,0,27,59,38,42,23,75,52,63,55,28,18,52
2016-07-31,30,22,25,53,46,37,23,73,50,58,43,28,0,51
2016-08-07,27,45,24,54,51,42,20,71,47,58,40,29,0,57
2016-08-14,41,31,25,52,41,46,23,76,49,61,56,31,21,58
2016-08-21,37,27,27,53,41,41,27,74,48,64,46,28,24,54
2016-08-28,38,47,43,54,41,58,23,73,50,64,57,28,25,62
2016-09-04,27,20,89,64,62,72,39,77,53,69,68,32,12,75
2016-09-11,36,37,81,55,62,73,41,72,64,75,76,31,41,72
2016-09-18,30,46,85,58,60,67,46,76,59,68,50,30,61,76
2016-09-25,35,0,77,58,68,74,52,79,75,72,56,32,30,80
2016-10-02,48,41,76,65,66,79,54,78,71,71,66,36,75,75
2016-10-09,40,0,80,61,71,74,60,84,73,82,54,37,39,82
2016-10-16,34,32,77,59,71,83,64,80,73,79,64,37,66,83
2016-10-23,35,19,74,64,69,76,64,81,85,78,67,37,86,84
2016-10-30,30,39,57,68,67,85,46,81,74,72,65,45,61,67
2016-11-06,52,85,73,67,78,100,69,81,84,81,69,45,33,84
2016-11-13,34,42,78,74,85,87,73,90,78,78,59,36,63,84
2016-11-20,39,75,82,84,83,81,77,93,80,81,59,40,59,81
2016-11-27,47,44,81,85,82,77,90,91,79,79,47,41,58,86
2016-12-04,56,37,84,89,91,71,80,95,78,76,64,39,41,87
2016-12-11,38,58,100,100,91,63,78,97,84,77,59,39,56,89
2016-12-18,26,73,93,100,85,67,100,100,87,87,55,41,67,93
2016-12-25,41,100,53,89,57,43,51,73,67,59,59,34,28,68
2017-01-01,29,55,36,61,48,41,34,58,56,59,52,35,45,27
2017-01-01,20,41,38,50,48,51,37,50,57,60,53,50,41,31
2017-01-08,28,41,68,57,71,100,80,78,80,87,71,57,100,86
2017-01-15,37,24,86,54,69,100,64,79,92,83,76,61,59,87
2017-01-22,22,25,74,55,68,97,60,81,84,85,63,65,73,96
2017-01-29,22,44,65,55,65,88,67,81,84,80,57,66,53,90
2017-02-05,50,18,75,56,71,93,68,82,86,78,62,72,73,93
2017-02-12,32,42,77,65,80,87,66,81,83,80,75,75,51,87
2017-02-19,33,32,63,56,62,74,49,77,78,64,54,67,31,67
2017-02-26,39,58,75,69,78,84,64,83,82,77,60,80,64,85
2017-03-05,6,0,67,55,65,65,50,75,71,70,46,69,23,74
2017-03-12,28,31,84,56,85,86,71,90,88,95,59,82,56,93
2017-03-19,21,83,80,52,83,81,62,86,92,88,56,75,50,88
2017-03-26,27,22,71,53,100,88,64,88,87,84,56,57,40,84
2017-04-02,16,37,83,57,78,88,57,81,84,81,62,86,47,95
2017-04-09,34,66,83,58,80,78,77,83,89,79,58,88,60,90
2017-04-16,17,66,79,53,82,71,70,80,89,82,60,88,57,91
2017-04-23,29,55,72,54,77,71,84,81,100,74,57,77,39,85
2017-04-30,14,57,59,53,74,61,57,73,69,64,47,81,0,73
2017-05-07,23,26,67,47,65,66,59,74,69,70,57,100,72,71
2017-05-14,28,100,83,60,84,86,76,84,80,79,66,63,78,92
2017-05-21,35,86,62,52,76,73,77,84,85,75,54,51,60,82
2017-05-28,22,65,58,54,77,50,57,82,84,72,65,43,47,80
2017-06-04,27,0,69,55,72,56,80,78,74,75,55,52,38,80
2017-06-11,25,91,52,56,61,59,59,79,67,75,45,43,36,64
2017-06-18,21,51,50,55,69,55,51,89,73,78,56,50,28,72
2017-06-25,22,44,40,55,61,54,38,82,59,62,61,39,8,62
2017-07-02,15,49,37,53,49,44,43,82,57,64,63,42,16,54
2017-07-09,12,42,30,57,50,36,34,85,56,62,57,46,17,60
2017-07-16,9,53,33,55,51,41,29,83,59,56,52,51,0,63
2017-07-23,26,62,32,52,50,39,27,81,50,63,57,47,22,54
2017-07-30,17,64,32,60,50,49,24,84,49,59,60,41,19,64
2017-08-06,21,72,28,56,47,39,29,79,52,64,54,45,16,63
2017-08-13,12,40,32,57,55,48,26,86,58,67,75,48,11,60
2017-08-20,30,63,29,54,49,47,28,84,50,59,58,41,0,69
2017-08-27,22,91,33,56,47,52,23,79,51,57,53,40,12,60
2017-09-03,79,64,82,60,66,70,52,83,64,66,55,48,16,72
2017-09-10,100,53,94,61,67,78,47,84,70,68,48,45,52,75
2017-09-17,35,56,85,59,68,75,45,88,70,68,79,47,26,78
2017-09-24,30,55,80,63,66,74,43,84,76,71,55,53,54,85
2017-10-01,25,28,74,66,72,84,58,85,74,62,83,51,67,86
2017-10-08,20,58,80,65,70,87,67,85,74,72,73,60,47,89
2017-10-15,21,34,82,68,68,93,71,89,81,77,73,66,49,96
2017-10-22,31,28,78,64,80,81,61,86,76,71,74,61,35,94
2017-10-29,24,30,64,73,77,87,62,82,79,73,79,52,42,82
2017-11-05,26,45,69,73,73,84,68,85,79,72,77,63,35,88
2017-11-12,17,20,79,76,77,88,77,90,88,79,73,57,73,97
2017-11-19,22,50,78,82,86,84,76,92,86,78,61,61,44,98
2017-11-26,37,57,78,80,86,77,88,90,94,100,78,72,36,94
2017-12-03,22,56,92,86,92,79,100,94,86,81,100,67,39,91
2017-12-10,33,34,100,94,91,75,97,99,100,81,100,63,74,100
2017-12-17,29,73,100,100,87,70,97,100,88,73,89,63,75,97
2017-12-24,28,85,60,95,79,59,71,92,70,62,69,53,29,89
2017-12-31,27,40,32,60,48,37,37,59,49,53,65,44,31,32
2018-01-07,19,72,68,67,79,86,79,81,90,98,75,25,43,55
2018-01-14,22,76,85,70,84,90,85,85,92,95,75,29,50,68
2018-01-21,50,54,77,71,75,93,75,82,92,99,79,30,34,72
2018-01-28,59,0,76,73,68,100,74,84,92,100,82,34,70,61
2018-02-04,50,33,77,75,71,93,78,82,91,90,85,32,65,71
2018-02-11,30,51,80,78,71,91,70,86,90,94,66,35,46,69
2018-02-18,44,20,69,73,65,67,59,87,81,78,65,33,29,54
2018-02-25,25,30,84,83,76,77,63,87,91,88,66,37,58,68
2018-03-04,30,9,66,70,51,59,48,72,62,68,56,33,55,48
2018-03-11,27,60,100,73,73,82,80,92,93,90,100,45,47,64
2018-03-18,69,68,83,67,67,79,74,86,90,90,70,42,48,70
2018-03-25,41,9,77,69,69,79,68,90,100,89,67,34,63,76
2018-04-01,19,71,83,67,70,87,70,84,88,88,54,39,30,70
2018-04-08,83,74,82,69,73,79,77,82,74,83,74,49,47,64
2018-04-15,62,46,79,66,80,72,96,84,94,80,74,45,52,68
2018-04-22,47,58,78,67,69,77,72,84,90,82,73,55,40,67
2018-04-29,36,53,51,51,50,51,51,71,61,59,52,88,17,44
2018-05-06,36,50,71,59,63,77,84,74,73,68,50,100,34,100
2018-05-13,51,56,90,62,78,85,85,83,83,86,61,60,40,99
2018-05-20,41,71,77,64,73,78,80,83,79,74,62,47,54,78
2018-05-27,30,50,69,59,65,65,67,78,78,77,63,41,24,66
2018-06-03,21,72,69,65,69,59,85,79,80,89,66,40,25,65
2018-06-10,46,27,56,63,65,61,76,74,73,70,52,37,47,58
2018-06-17,30,52,47,62,67,55,52,78,80,68,63,31,16,54
2018-06-24,11,35,42,59,61,57,39,77,64,67,54,29,7,50
2018-07-01,16,61,38,64,52,53,35,81,66,62,52,28,22,42
2018-07-08,20,58,36,58,47,43,37,79,64,63,51,30,16,46
2018-07-15,31,39,38,60,59,45,35,86,62,68,53,29,31,46
2018-07-22,12,69,31,57,53,44,36,85,55,69,69,30,10,46
2018-07-29,32,43,32,65,58,42,27,82,54,64,59,42,0,44
2018-08-05,51,66,34,61,54,44,40,82,53,64,71,41,10,41
2018-08-12,48,57,31,64,60,47,36,87,57,61,64,33,11,46
2018-08-19,47,63,32,60,53,46,40,87,56,64,69,26,9,48
2018-08-26,46,77,34,63,56,50,35,78,62,61,65,26,27,41
2018-09-02,30,51,84,68,67,79,52,84,60,69,63,27,37,54
2018-09-09,41,70,93,71,78,81,59,82,65,77,64,25,20,58
2018-09-16,46,67,85,66,71,87,55,82,71,72,73,27,38,63
2018-09-23,78,78,87,74,79,87,60,86,68,81,75,28,33,65
2018-09-30,100,44,71,71,70,84,59,81,82,78,78,25,36,60
2018-10-07,43,48,79,74,78,83,69,83,82,81,64,26,21,61
2018-10-14,44,30,77,72,66,81,66,85,83,81,67,27,55,68
2018-10-21,50,100,77,72,80,93,64,91,82,82,83,27,26,67
2018-10-28,39,71,61,74,77,75,68,88,75,83,61,24,39,52
2018-11-04,30,64,68,70,89,98,66,83,70,77,61,25,33,60
2018-11-11,54,51,79,78,97,94,88,90,81,81,62,33,100,70
2018-11-18,40,46,83,86,84,87,91,91,89,83,64,29,50,66
2018-11-25,35,41,83,79,99,83,88,92,83,82,78,35,29,69
2018-12-02,43,57,89,95,100,88,99,95,92,81,49,34,26,73
2018-12-09,47,47,87,99,95,85,100,100,93,82,46,33,52,73
2018-12-16,47,54,97,100,88,80,89,96,89,79,75,30,28,73
2018-12-23,37,89,78,94,73,60,82,98,87,72,61,29,32,66
2018-12-30,43,49,31,57,49,31,35,65,57,50,56,23,7,28
2019-01-06,37,54,53,63,50,72,73,90,79,78,95,35,33,52
2019-01-13,30,26,78,65,59,100,79,91,87,95,79,42,63,75
2019-01-20,43,48,78,63,55,97,81,93,88,92,79,39,78,74
2019-01-27,35,33,69,68,52,99,86,93,83,96,75,40,87,66
2019-02-03,13,39,72,65,51,99,65,93,87,92,70,41,88,66
2019-02-10,100,45,76,73,56,89,61,92,87,88,68,43,95,63
2019-02-17,39,46,77,71,55,71,63,98,90,92,49,44,53,100
2019-02-24,25,44,79,73,56,89,63,99,85,93,69,49,81,82
2019-03-03,37,44,70,70,48,64,55,86,72,74,73,45,65,58
2019-03-10,23,39,90,70,50,69,83,98,92,91,73,58,100,72
2019-03-17,35,54,85,66,58,80,63,99,91,90,82,54,55,77
2019-03-24,35,50,71,65,57,82,70,99,79,89,73,47,86,78
2019-03-31,43,52,78,67,58,92,66,97,82,92,66,58,85,75
2019-04-07,39,52,80,70,56,87,80,93,83,95,64,57,81,76
2019-04-14,31,63,77,67,60,86,75,97,100,91,61,60,65,76
2019-04-21,21,56,74,62,53,77,70,95,83,77,69,62,51,70
2019-04-28,16,32,49,65,41,57,52,81,67,69,84,66,46,43
2019-05-05,26,52,51,61,42,61,64,87,70,69,68,74,41,50
2019-05-12,34,100,83,67,54,85,81,93,88,84,57,53,41,68
2019-05-19,34,61,74,66,55,88,84,93,83,86,78,44,64,72
2019-05-26,34,38,69,62,55,76,75,98,75,100,61,40,76,70
2019-06-02,32,66,60,68,51,65,74,92,70,90,65,31,53,61
2019-06-09,31,63,53,64,53,75,68,90,77,83,63,33,55,61
2019-06-16,32,49,50,64,53,72,54,92,74,86,59,34,22,56
2019-06-23,22,49,49,65,53,70,58,94,70,85,75,33,29,54
2019-06-30,36,71,42,72,60,57,35,94,64,75,83,28,26,54
2019-07-07,39,75,37,67,61,63,39,91,64,73,65,29,31,54
2019-07-14,42,40,40,67,50,47,32,94,55,74,71,26,22,47
2019-07-21,28,66,32,68,53,41,36,93,55,70,69,28,21,56
2019-07-28,24,34,33,73,45,49,33,91,58,73,70,29,29,52
2019-08-04,24,55,32,71,40,46,28,93,52,76,76,33,40,53
2019-08-11,29,37,30,69,48,58,24,95,59,71,72,26,15,51
2019-08-18,17,57,33,66,44,61,31,90,59,73,76,38,34,53
2019-08-25,16,51,33,67,47,69,31,91,59,71,70,26,0,56
2019-09-01,23,41,76,66,51,86,54,94,69,73,72,30,32,56
2019-09-08,18,44,90,65,52,91,59,93,69,81,78,27,39,65
2019-09-15,31,54,88,69,60,92,50,87,73,86,87,30,38,66
2019-09-22,18,60,80,64,49,93,53,90,73,91,66,29,37,66
2019-09-29,25,35,76,70,56,87,56,88,80,83,75,30,77,71
2019-10-06,25,32,76,70,54,88,62,89,83,88,76,33,59,69
2019-10-13,29,39,79,73,57,83,67,91,83,84,51,36,71,71
2019-10-20,22,68,77,75,62,97,62,87,86,84,77,32,63,73
2019-10-27,57,85,61,76,59,91,55,89,82,85,76,30,50,65
2019-11-03,39,58,100,72,58,90,68,93,82,81,77,32,62,60
2019-11-10,27,51,84,73,70,97,89,91,88,82,79,35,61,76
2019-11-17,46,51,80,83,84,89,84,92,84,85,93,36,38,70
2019-11-24,15,51,74,85,75,83,88,94,90,85,63,42,63,72
2019-12-01,34,48,76,82,74,86,78,93,83,83,82,93,64,70
2019-12-08,27,67,86,86,80,87,100,94,93,83,100,100,59,78
2019-12-15,34,63,84,100,100,88,100,100,95,81,83,84,66,78
2019-12-22,41,72,73,95,80,77,84,96,87,84,76,54,41,70
2019-12-29,22,60,28,68,46,43,39,74,55,63,75,45,17,28
2020-01-05,40,30,46,60,50,68,56,89,77,17,76,100,11,5
2020-01-12,48,28,73,65,59,87,82,100,100,100,79,60,20,100
2020-01-19,66,20,77,68,59,94,63,98,97,47,83,57,21,30
2020-01-26,50,13,74,69,54,88,64,98,89,34,65,57,27,11
2020-02-02,39,20,73,74,53,97,63,92,89,26,76,57,23,10
2020-02-09,38,23,73,78,52,93,68,98,89,24,80,59,33,10
2020-02-16,79,29,79,74,53,81,66,99,85,25,80,70,18,9
2020-02-23,39,28,80,73,55,82,54,98,87,22,73,74,23,9
2020-03-01,34,46,83,76,54,67,63,90,80,22,91,72,22,9
2020-03-08,80,100,96,77,65,72,78,92,77,21,95,61,28,10
2020-03-15,90,73,90,80,61,67,93,98,74,21,100,60,54,15
2020-03-22,58,61,68,70,63,56,79,93,92,23,95,53,71,22
2020-03-29,82,37,71,62,70,47,67,87,72,22,71,55,100,49
2020-04-05,78,45,100,66,72,70,83,83,92,24,64,69,81,39
2020-04-12,58,45,89,64,67,66,72,78,92,21,76,67,95,29
2020-04-19,95,66,87,67,73,67,85,78,99,20,70,68,87,26
2020-04-26,39,59,73,62,67,67,71,72,83,16,55,63,66,25
2020-05-03,45,63,56,65,52,54,60,71,69,16,55,80,46,20
2020-05-10,65,54,65,62,54,67,82,74,90,20,59,57,53,25
2020-05-17,61,48,68,67,64,87,63,84,93,20,64,50,54,20
2020-05-24,41,37,50,69,61,82,59,80,78,19,60,40,40,17
2020-05-31,35,67,47,73,63,79,48,74,91,19,68,36,41,15
2020-06-07,69,30,41,64,57,79,48,73,72,17,51,31,33,13
2020-06-14,63,39,38,67,55,84,45,79,73,17,49,30,42,13
2020-06-21,40,26,40,62,56,82,45,81,69,18,46,36,32,11
2020-06-28,38,36,36,65,52,76,36,79,71,17,54,29,29,11
2020-07-05,33,36,33,67,57,64,36,82,68,16,56,29,30,10
2020-07-12,23,31,35,68,52,53,51,79,67,18,61,32,28,10
2020-07-19,20,46,30,66,59,59,38,76,69,17,69,27,39,9
2020-07-26,67,38,34,67,62,49,45,83,68,17,68,28,37,8
2020-08-02,50,42,35,66,59,47,37,78,64,16,61,25,28,8
2020-08-09,100,32,32,62,48,48,36,77,69,16,44,28,29,8
2020-08-16,62,41,39,64,58,58,33,78,60,16,57,26,26,10
2020-08-23,66,38,38,67,53,57,42,79,57,16,67,27,36,8
2020-08-30,63,45,66,68,57,78,46,76,66,17,52,31,26,8
2020-09-06,52,42,90,66,62,68,52,78,70,18,56,30,37,8
2020-09-13,60,40,84,66,57,75,58,76,72,21,56,33,38,10
2020-09-20,79,45,74,70,67,77,52,75,75,20,59,33,37,10
2020-09-27,55,37,74,69,76,69,56,76,77,18,57,86,57,10
2020-10-04,46,35,75,70,78,73,55,74,81,18,49,65,70,11
2020-10-11,51,31,69,75,81,87,59,80,82,22,73,59,57,11
2020-10-18,33,31,70,72,100,76,65,77,88,18,70,60,63,11
2020-10-25,45,34,67,72,70,75,59,78,85,20,63,43,46,10
2020-11-01,45,39,47,71,69,74,53,71,73,17,41,36,51,9
2020-11-08,36,48,65,79,75,96,63,74,81,18,64,45,53,11
2020-11-15,39,47,71,82,78,84,76,82,85,19,75,42,56,11
2020-11-22,61,36,68,84,83,88,74,79,89,18,59,40,48,9
2020-11-29,43,38,73,87,89,89,69,80,90,20,63,41,48,10
2020-12-06,44,35,77,89,77,90,100,79,94,18,61,41,50,11
2020-12-13,23,35,79,96,77,97,88,83,95,18,74,36,40,11
2020-12-20,23,43,81,100,81,100,79,83,92,19,64,36,38,12
2020-12-27,23,37,32,79,61,61,50,70,66,14,59,28,28,6
2021-01-03,21,59,45,90,62,55,36,81,65,69,100,50,21,36
2021-01-10,23,85,81,96,69,87,57,98,83,87,86,52,35,87
2021-01-17,44,70,84,87,66,88,53,96,86,85,70,60,24,88
2021-01-24,25,34,85,93,69,85,52,96,79,81,68,52,20,83
2021-01-31,32,99,79,97,84,82,56,100,84,84,80,51,29,79
2021-02-07,30,68,83,96,91,78,50,94,85,84,73,52,25,74
2021-02-14,43,76,96,100,100,80,57,95,82,87,87,57,25,77
2021-02-21,57,70,81,98,86,78,44,92,76,73,85,55,28,63
2021-02-28,53,71,87,97,89,58,61,95,82,80,75,63,30,73
2021-03-07,48,54,93,88,86,63,62,92,73,69,63,68,25,63
2021-03-14,59,67,100,89,81,73,64,99,81,81,85,75,32,77
2021-03-21,49,67,71,87,86,70,53,99,83,79,64,57,23,69
2021-03-28,33,91,94,86,92,77,57,99,85,88,87,75,38,78
2021-04-04,29,61,92,87,85,79,56,94,82,81,75,95,33,78
2021-04-11,100,76,84,84,85,77,58,91,79,89,72,97,35,81
2021-04-18,28,90,91,83,86,77,57,95,100,100,75,92,38,82
2021-04-25,26,79,72,77,83,70,56,88,84,83,73,79,31,83
2021-05-02,32,82,52,74,80,46,39,79,65,67,63,66,19,40
2021-05-09,22,86,75,75,86,68,71,87,70,71,68,100,25,67
2021-05-16,14,77,96,78,84,79,69,91,80,76,73,66,28,75
2021-05-23,23,96,60,77,94,84,43,90,71,73,67,50,18,69
2021-05-30,46,90,58,80,84,84,53,94,70,74,80,42,20,64
2021-06-06,13,55,62,77,82,72,62,90,75,78,76,43,37,63
2021-06-13,25,54,56,70,69,72,56,83,67,73,68,41,58,69
2021-06-20,20,28,55,68,64,58,38,82,61,69,65,42,53,64
2021-06-27,15,60,42,72,67,53,40,84,68,65,56,40,46,62
2021-07-04,19,54,40,75,67,47,35,87,64,64,68,58,33,53
2021-07-11,11,39,41,79,67,44,35,85,60,64,58,46,31,59
2021-07-18,34,59,44,75,70,39,35,86,57,66,80,42,37,52
2021-07-25,17,63,37,76,67,37,34,89,58,66,81,39,38,47
2021-08-01,24,60,38,74,65,43,34,87,63,59,79,37,30,49
2021-08-08,0,42,39,80,64,42,34,88,60,68,68,40,28,44
2021-08-15,31,41,35,73,62,46,39,93,59,62,76,46,28,52
2021-08-22,77,58,34,68,62,49,35,87,56,58,65,38,22,42
2021-08-29,8,46,62,70,66,66,40,81,58,69,73,42,23,47
2021-09-05,25,49,92,73,65,72,43,85,74,68,67,45,28,58
2021-09-12,16,54,88,74,67,69,52,84,62,65,56,39,29,61
2021-09-19,35,52,90,76,66,73,55,81,75,69,55,45,29,64
2021-09-26,50,41,86,74,65,78,49,81,69,74,72,41,44,71
2021-10-03,64,63,74,81,67,73,51,80,77,72,68,39,50,68
2021-10-10,38,91,100,76,75,87,70,83,73,73,83,39,70,76
2021-10-17,32,100,95,76,68,75,60,82,68,73,81,44,100,100
2021-10-24,26,65,78,78,67,79,64,79,69,71,83,49,86,95
2021-10-31,11,61,58,77,74,67,61,74,66,60,79,46,84,63
2021-11-07,25,44,85,82,83,83,76,83,76,71,81,47,71,81
2021-11-14,28,73,86,85,73,90,90,81,73,72,75,49,52,74
2021-11-21,29,85,77,86,72,100,68,83,76,72,73,55,49,70
2021-11-28,19,63,73,82,70,83,82,83,79,67,67,59,35,65
2021-12-05,36,64,96,88,74,88,93,90,82,68,85,55,30,72
2021-12-12,32,79,94,96,66,79,89,90,81,70,84,55,23,85
2021-12-19,28,56,97,97,69,91,100,92,83,72,74,60,18,81
2021-12-26,37,75,48,80,58,61,62,77,64,55,51,49,25,54
2022-01-02,11,8,26,52,56,49,23,70,66,56,43,9,19,44
2022-01-09,7,7,42,60,71,100,41,92,86,88,57,11,41,69
2022-01-16,12,10,56,62,68,99,31,92,96,76,45,13,61,68
2022-01-23,14,9,53,62,71,92,33,95,90,82,50,17,100,70
2022-01-30,28,8,49,65,70,84,34,100,94,100,47,14,88,77
2022-02-06,16,9,57,60,68,97,32,96,92,76,54,16,55,68
2022-02-13,14,8,71,63,67,91,32,100,91,75,44,32,39,65
2022-02-20,56,79,72,100,94,76,39,92,85,67,48,100,25,80
2022-02-27,49,100,100,85,92,72,84,96,84,77,90,76,18,100
2022-03-06,60,70,81,54,74,65,100,75,88,67,100,46,16,75
2022-03-13,100,36,93,46,65,84,74,79,97,77,68,43,23,94
2022-03-20,38,79,72,50,82,77,40,75,90,72,57,35,11,88
2022-03-27,29,86,66,48,79,76,41,74,100,70,42,30,14,84
2022-04-03,36,66,70,44,69,83,38,71,89,69,38,33,15,76
2022-04-10,26,36,72,40,60,76,41,77,84,66,41,33,13,74
2022-04-17,19,25,67,38,57,77,37,75,92,67,30,30,11,72
2022-04-24,17,30,57,37,100,71,36,72,89,64,30,28,10,58
2022-05-01,18,32,44,32,47,60,30,68,80,51,38,26,11,52
2022-05-08,19,16,57,33,43,77,33,70,80,56,51,25,14,58
2022-05-15,20,33,67,36,56,89,36,78,88,65,56,20,13,71
2022-05-22,24,32,57,37,54,73,35,77,73,65,54,18,12,60
2022-05-29,18,22,41,36,53,81,29,77,75,60,50,16,7,57
2022-06-05,10,18,42,36,45,82,36,81,69,61,54,16,8,60
2022-06-12,11,15,34,34,44,74,27,77,59,55,62,14,5,47
2022-06-19,12,19,40,35,45,81,27,79,62,66,62,17,10,51
2022-06-26,19,25,30,39,41,72,20,75,54,53,51,15,6,43
2022-07-03,9,22,25,36,41,58,22,75,54,57,55,13,7,48
2022-07-10,6,23,25,34,40,51,26,76,58,54,50,14,7,47
2022-07-17,14,14,23,34,37,53,21,76,53,61,37,14,10,41
2022-07-24,13,16,23,35,38,53,19,78,52,60,34,14,8,41
2022-07-31,5,13,25,33,39,43,18,77,53,61,41,17,10,39
2022-08-07,4,12,24,32,35,49,19,74,53,59,38,13,12,48
2022-08-14,3,11,23,31,36,50,19,80,52,56,47,13,12,38
2022-08-21,16,11,20,33,35,59,18,80,48,57,36,12,14,37
2022-08-28,10,9,29,36,39,69,19,76,52,59,39,12,15,38
2022-09-04,7,16,58,31,51,72,25,74,59,57,46,14,13,42
2022-09-11,6,11,62,33,47,80,25,77,58,62,36,17,14,49
2022-09-18,10,23,59,36,50,75,27,77,58,65,41,27,12,67
2022-09-25,15,22,59,33,46,72,27,72,58,63,29,27,12,67
2022-10-02,61,11,53,37,39,67,26,73,64,63,27,20,6,59
2022-10-09,23,12,60,35,42,79,26,72,78,58,37,20,10,64
2022-10-16,19,8,62,33,37,72,30,72,65,59,43,17,5,60
2022-10-23,11,8,51,36,42,80,26,72,65,59,36,16,8,60
2022-10-30,11,9,41,35,37,81,30,75,68,56,43,15,9,50
2022-11-06,10,6,50,35,41,84,27,73,77,76,31,15,7,55
2022-11-13,9,8,56,33,42,75,30,77,70,68,34,16,12,57
2022-11-20,10,8,49,31,38,74,29,72,73,60,34,15,10,52
2022-11-27,14,7,49,31,39,75,28,75,78,60,38,14,12,53
2022-12-04,10,9,53,33,40,74,29,76,69,61,39,15,14,55
2022-12-11,9,11,57,35,39,74,34,79,80,58,33,15,18,67
