date,мосбиржа,долг,инвестор,экономика,акции,инвестиции,портфель,инфляция,кризис,кредит,доход,капитал,вложить,война,заболеваемость,правительство,закон,парламент,сбербанк,газпром,роснефть,нефть,короновирус,covid,санкции,США,газ,вклад,депозит,облигация,оружие,спрос,новости,украина,германия,тинькофф,центробанк,какие акции купить в 2022,акции сбербанка курс,индекс мосбиржи,vk акции,газета ру,риа новости,рбк инвестиции,нефть брент,курс доллара,курс евро
2013-01-06,0,61,61,56,37,63,41,68,60,77,75,88,85,45,51,61,74,50,59,74,44,70,35,46,26,58,77,51,80,52,74,58,52,65,61,43,46,0,0,0,0,85,24,69,0,56,55
2013-01-13,0,72,62,74,38,76,65,73,71,81,86,93,56,50,73,86,95,45,57,87,67,75,0,0,50,57,85,64,79,68,73,76,55,69,68,48,24,0,41,0,0,74,33,43,0,59,52
2013-01-20,100,67,86,73,40,81,62,78,65,83,89,92,65,53,39,91,96,67,57,85,54,81,0,0,37,57,92,66,81,83,79,78,57,68,77,49,34,0,0,0,0,74,35,0,0,59,49
2013-01-27,0,74,59,62,41,77,64,67,60,85,73,88,67,57,55,94,81,54,56,87,66,75,30,0,43,54,93,53,83,73,77,59,56,66,69,50,25,34,0,32,0,68,34,0,0,60,52
2013-02-03,0,71,56,65,40,79,57,67,57,90,83,87,71,59,74,97,83,52,58,93,60,87,28,100,59,60,90,66,84,35,78,53,59,74,78,50,39,0,0,0,0,71,36,100,89,59,57
2013-02-10,0,76,69,65,43,71,66,54,67,82,74,82,65,58,75,91,81,49,58,98,56,81,0,0,59,57,92,58,89,48,77,63,73,69,74,53,22,0,42,0,82,68,43,0,27,56,54
2013-02-17,31,68,85,63,42,77,90,65,93,88,74,82,65,61,54,77,77,86,59,88,65,100,64,0,55,56,86,76,73,38,76,58,60,73,74,53,33,0,0,0,0,57,38,0,0,53,54
2013-02-24,0,63,72,67,40,74,62,69,96,73,74,89,53,64,85,87,86,63,58,86,49,91,0,0,62,56,89,70,84,47,73,57,57,68,71,60,23,0,36,0,0,61,34,0,0,56,57
2013-03-03,0,59,65,51,42,65,57,43,95,77,54,73,62,62,34,75,62,52,55,75,63,74,0,0,41,53,75,54,69,58,70,56,53,65,68,58,37,0,0,0,0,59,36,72,59,48,51
2013-03-10,0,65,61,69,38,79,82,70,81,88,76,89,64,74,97,84,75,55,61,84,59,78,0,59,62,59,87,76,96,39,67,65,60,74,72,58,48,0,0,0,46,65,37,0,61,52,57
2013-03-17,0,77,70,68,41,82,72,63,91,88,78,83,89,79,65,88,74,61,63,84,81,79,0,72,48,62,84,71,100,52,69,71,63,80,93,59,44,0,0,0,0,67,39,0,0,55,66
2013-03-24,0,75,77,66,42,96,59,65,100,94,85,94,68,68,55,86,74,63,64,92,98,84,0,31,48,60,82,68,98,33,81,71,69,89,92,63,35,0,40,0,0,88,42,0,0,57,57
2013-03-31,0,68,70,71,42,74,60,80,80,92,82,84,57,100,65,85,72,56,61,88,81,76,52,37,47,58,87,69,84,84,72,66,63,74,68,64,62,74,27,0,0,73,34,0,0,60,59
2013-04-07,26,79,71,71,42,82,75,77,80,88,83,90,47,99,61,92,80,66,62,83,77,89,0,0,56,59,85,72,85,78,71,60,60,76,70,59,30,0,60,100,66,79,40,43,25,60,59
2013-04-14,0,74,81,70,40,88,75,73,81,87,95,83,50,75,62,93,79,68,62,80,74,98,0,0,52,65,82,65,76,40,66,73,61,69,69,57,37,0,0,0,0,75,38,0,64,61,69
2013-04-21,51,76,83,69,43,87,79,88,72,90,83,93,56,66,29,91,74,56,64,86,77,77,0,0,70,64,84,71,67,44,73,67,60,66,77,84,38,0,73,0,0,78,37,0,47,62,64
2013-04-28,0,64,51,51,38,64,44,52,58,72,59,60,45,59,51,55,46,44,57,65,56,66,0,0,37,48,65,48,59,47,66,40,50,53,63,92,21,0,0,0,0,63,27,0,61,45,50
2013-05-05,0,62,45,52,35,58,48,46,56,80,66,61,48,68,17,52,50,45,53,61,51,61,0,50,32,70,66,55,62,36,67,44,50,53,100,98,29,82,0,0,0,74,30,0,0,43,45
2013-05-12,0,69,69,78,39,90,70,76,71,91,74,88,66,61,0,77,76,63,64,86,77,76,100,0,60,100,80,65,72,43,66,62,52,68,78,100,38,0,0,0,0,63,30,0,0,55,60
2013-05-19,0,74,76,71,40,100,74,75,71,90,68,85,49,50,72,100,76,78,68,83,70,74,27,0,61,61,78,74,80,45,66,67,57,66,65,85,37,0,0,0,0,70,35,0,0,56,67
2013-05-26,49,70,41,64,41,91,73,70,65,89,84,88,52,46,53,70,100,68,63,74,78,73,0,0,52,49,75,64,70,52,63,61,58,68,67,85,34,0,0,0,0,72,41,0,31,51,61
2013-06-02,0,73,58,64,37,77,70,80,60,89,73,86,48,48,17,80,76,57,62,81,66,71,65,27,65,46,72,66,71,75,66,69,60,72,75,75,44,35,0,0,0,75,43,0,37,63,77
2013-06-09,0,73,62,63,39,71,50,89,61,85,70,81,64,51,38,73,82,57,60,77,71,70,0,36,50,48,66,45,76,19,62,62,59,63,74,70,39,0,64,0,0,68,40,0,0,70,86
2013-06-16,0,79,62,49,39,72,54,53,53,92,70,80,58,54,49,68,96,54,63,72,100,72,0,85,47,49,67,46,77,24,61,56,56,61,65,64,45,67,30,0,0,75,32,49,0,77,97
2013-06-23,0,66,34,40,38,57,60,41,49,88,50,71,50,93,0,63,60,48,61,93,78,71,0,0,41,51,67,34,71,20,65,40,57,56,56,72,56,0,0,0,0,71,33,84,31,78,88
2013-06-30,28,63,71,32,39,47,57,24,43,80,52,70,78,99,0,70,61,43,68,75,72,66,0,0,41,50,69,36,62,31,68,25,62,63,63,67,26,0,0,0,0,69,40,0,0,83,88
2013-07-07,0,66,60,24,37,32,51,14,40,86,50,68,66,65,23,73,60,33,63,76,77,60,0,0,22,43,69,30,73,22,70,28,58,61,64,65,46,0,0,0,0,80,41,0,82,84,85
2013-07-14,72,70,69,23,38,40,73,30,42,85,42,69,48,57,46,64,54,34,65,83,68,59,0,57,38,44,68,36,75,0,73,24,61,60,58,64,43,100,0,0,0,83,36,0,42,78,82
2013-07-21,0,75,51,22,39,47,56,23,46,86,46,66,73,49,27,75,53,38,61,71,82,71,0,28,24,44,69,34,78,44,72,20,60,65,61,67,48,0,50,0,0,82,39,0,37,71,78
2013-07-28,0,66,54,25,43,42,82,24,43,87,44,69,58,51,0,64,67,38,65,79,88,77,0,0,41,45,67,43,67,19,75,24,59,63,58,56,49,0,100,0,78,77,34,0,36,74,100
2013-08-04,35,70,55,22,40,52,91,26,46,85,41,70,63,48,14,63,58,33,64,82,77,66,19,78,33,44,65,41,72,45,70,25,61,65,66,92,47,0,0,35,0,81,34,0,100,77,94
2013-08-11,81,65,68,25,42,38,83,29,42,88,52,75,87,52,0,63,55,42,69,79,77,66,0,44,34,45,71,35,74,0,74,26,62,69,66,81,40,52,34,0,0,79,36,0,0,76,90
2013-08-18,0,63,60,23,39,49,83,33,42,89,48,79,71,48,44,68,53,39,66,75,67,74,32,48,42,44,69,41,72,9,79,24,59,69,63,67,45,35,0,0,34,79,30,0,0,73,79
2013-08-25,0,67,60,27,39,44,90,29,46,84,47,68,59,57,0,55,50,40,65,82,73,88,0,73,21,51,73,40,72,29,84,24,66,68,65,63,44,0,41,0,0,77,40,0,59,73,79
2013-09-01,85,67,58,63,42,52,98,39,41,81,48,75,67,62,100,62,66,45,66,78,90,86,0,27,30,51,72,80,82,34,68,28,61,67,69,61,40,0,0,0,0,74,45,0,74,76,77
2013-09-08,27,68,50,75,46,60,74,38,49,86,53,81,69,73,28,77,66,51,68,83,73,84,0,36,40,49,75,100,73,65,73,33,61,81,67,57,47,0,0,0,0,91,38,0,30,75,73
2013-09-15,0,66,85,81,46,69,100,53,56,76,58,83,63,59,39,87,75,49,67,85,84,93,0,0,57,48,79,99,72,58,74,52,60,69,69,59,40,0,0,42,0,81,38,0,28,89,80
2013-09-22,37,71,73,77,51,66,67,53,55,87,61,82,96,54,44,80,69,56,64,96,89,85,0,0,60,54,85,95,71,60,75,55,58,69,78,63,45,30,0,0,36,90,34,0,0,88,79
2013-09-29,0,76,71,70,52,66,57,56,84,87,65,85,79,52,42,95,72,55,70,85,88,85,0,0,63,56,81,90,90,62,73,51,60,71,67,62,45,34,29,0,0,79,40,0,58,86,73
2013-10-06,0,81,66,75,47,75,76,68,82,86,76,90,64,49,62,86,72,58,73,83,86,88,25,0,63,64,85,93,90,46,73,65,66,79,72,56,54,63,0,0,32,76,37,0,29,81,71
2013-10-13,0,84,72,81,53,73,79,76,94,86,74,87,100,57,65,91,80,70,73,77,74,81,0,0,61,64,85,87,84,30,79,69,78,75,77,68,52,0,0,0,51,88,43,0,0,90,70
2013-10-20,0,84,78,77,51,76,85,68,70,89,82,82,56,48,17,91,84,73,72,87,93,86,0,0,60,55,85,82,87,52,79,67,68,73,72,64,61,43,32,0,47,79,44,0,0,78,71
2013-10-27,0,76,79,72,54,75,79,65,69,82,71,87,92,49,91,82,78,59,72,94,77,95,0,24,47,57,87,75,97,38,79,79,69,71,75,58,60,0,0,0,99,84,34,73,0,75,70
2013-11-03,0,75,51,59,54,69,67,56,64,87,65,93,68,47,93,74,76,60,73,69,71,81,0,0,43,51,86,71,94,64,80,51,66,74,68,56,88,0,0,0,41,76,30,0,0,74,66
2013-11-10,0,77,73,74,57,81,76,77,71,84,89,94,80,51,30,86,87,85,81,92,77,94,0,47,68,61,89,77,90,51,85,62,67,93,82,63,60,0,41,31,47,87,39,0,0,80,65
2013-11-17,40,84,100,77,57,94,84,76,74,95,81,100,83,47,43,95,84,81,77,85,69,87,0,66,61,56,93,87,93,55,74,72,76,100,77,64,69,0,0,0,77,80,55,0,25,81,62
2013-11-24,0,91,55,84,68,93,88,97,82,98,89,96,71,51,24,91,89,69,78,97,79,92,0,0,100,62,97,89,83,74,81,77,79,84,72,66,80,0,0,0,0,88,44,0,0,85,76
2013-12-01,0,91,60,87,76,76,73,85,81,100,80,90,66,50,50,93,82,100,83,91,92,97,0,0,92,57,95,81,87,43,77,70,100,90,74,64,75,0,0,51,48,84,52,0,0,100,76
2013-12-08,0,93,69,93,78,81,83,100,84,94,83,94,64,54,42,91,92,83,95,94,85,92,31,0,89,63,95,85,89,61,82,81,97,89,75,68,99,0,0,0,31,99,100,0,39,92,73
2013-12-15,0,98,72,100,89,90,82,94,84,92,100,88,69,52,32,95,94,99,87,100,81,98,0,0,58,58,100,91,95,93,83,100,81,80,72,75,85,0,0,0,74,85,50,0,0,89,77
2013-12-22,0,100,75,90,100,83,68,95,81,94,88,86,97,52,34,91,89,62,100,99,76,93,0,35,74,56,94,91,96,100,100,93,83,79,75,81,100,0,0,0,35,100,56,60,0,93,82
2013-12-29,0,70,65,27,54,28,38,29,49,61,45,53,59,46,0,33,45,43,66,49,35,64,0,0,21,50,64,37,63,41,90,21,79,66,67,48,43,0,0,0,100,92,61,0,0,58,55
2014-01-05,0,50,54,32,41,58,53,17,26,58,81,55,31,36,37,47,55,21,29,56,42,8,0,0,2,50,55,24,57,60,82,52,31,43,6,66,5,0,0,0,41,42,19,72,6,3,4
2014-01-12,0,58,71,47,41,89,57,24,29,61,98,69,24,44,30,70,88,25,33,72,43,11,0,21,4,41,61,32,66,80,78,63,32,46,6,74,5,0,0,0,37,45,18,0,0,3,4
2014-01-19,0,58,78,45,41,86,53,25,30,62,94,64,24,42,49,79,88,29,34,69,46,11,0,93,5,41,67,32,55,57,82,54,55,54,5,76,5,0,0,39,0,52,24,0,5,5,5
2014-01-26,0,60,66,40,44,79,48,28,32,60,83,58,25,42,58,74,75,26,36,69,42,10,0,0,3,40,64,36,54,46,79,50,52,55,6,80,12,0,0,0,41,52,23,0,0,8,9
2014-02-02,0,58,77,41,41,63,55,24,27,61,77,50,23,40,89,73,58,25,34,66,40,10,0,0,3,44,67,27,64,33,70,42,40,48,6,72,6,0,0,0,69,43,24,0,6,7,7
2014-02-09,0,57,85,44,45,71,56,33,28,63,76,62,26,40,100,70,73,27,37,72,44,10,0,0,3,100,61,33,59,48,70,41,40,47,7,76,7,0,0,0,0,50,23,0,4,12,7
2014-02-16,0,59,69,46,44,79,56,24,29,56,74,60,25,55,69,72,67,40,37,71,40,11,0,0,8,87,65,31,68,51,80,46,85,76,6,63,7,0,0,55,0,70,37,0,0,7,8
2014-02-23,0,65,49,50,45,75,56,26,31,57,90,61,26,65,70,100,79,53,36,67,49,13,0,36,5,51,65,33,65,46,83,49,85,85,5,69,7,0,0,0,51,82,60,0,0,12,8
2014-03-02,0,80,82,46,58,67,41,24,37,58,71,52,23,100,44,90,73,49,36,75,38,13,0,0,20,95,68,35,62,62,86,47,100,100,6,72,13,0,0,0,0,100,100,0,0,13,11
2014-03-09,0,71,77,59,46,84,48,18,36,58,86,59,27,78,81,87,72,33,38,73,44,15,0,22,20,71,66,31,54,74,100,55,74,74,6,76,7,0,18,0,69,86,56,0,8,8,8
2014-03-16,32,71,80,54,51,85,52,22,36,58,78,64,26,71,53,90,80,32,37,80,57,17,30,0,74,73,67,35,78,62,86,61,83,78,6,82,10,0,0,0,0,94,76,0,0,8,8
2014-03-23,51,65,56,42,44,82,61,20,29,62,88,64,27,52,29,80,77,28,35,66,48,13,0,0,32,47,65,30,59,53,80,51,62,64,5,97,7,0,0,0,0,78,55,0,0,8,7
2014-03-30,0,67,75,51,47,97,82,27,29,60,90,63,24,64,0,94,90,30,38,77,45,15,0,44,17,48,82,31,62,60,75,54,53,60,6,78,6,0,23,0,0,66,41,0,12,7,7
2014-04-06,0,72,61,54,47,91,68,28,31,62,96,59,23,79,60,85,90,34,38,75,50,13,0,23,14,45,75,35,59,61,75,57,66,65,5,76,5,32,0,33,26,72,54,0,0,8,7
2014-04-13,0,66,73,52,44,97,64,28,36,66,86,62,14,74,67,78,82,30,37,78,47,12,0,0,12,44,73,31,59,21,78,61,77,71,6,79,6,0,36,0,0,84,78,76,0,11,7
2014-04-20,26,65,67,47,41,89,59,26,31,65,83,59,19,69,26,75,72,27,38,73,44,11,63,0,12,46,63,33,52,42,70,52,58,56,6,74,7,0,0,0,67,67,56,0,0,6,6
2014-04-27,0,58,27,36,38,71,34,16,31,55,65,44,16,63,54,56,53,21,32,56,37,9,50,39,30,43,65,27,41,54,75,42,63,56,5,62,4,0,0,26,0,73,67,90,0,5,5
2014-05-04,43,62,68,38,42,73,50,20,28,51,63,45,17,80,65,69,56,25,33,57,37,9,42,38,16,48,62,29,50,39,80,37,71,64,6,63,5,0,0,28,23,79,74,0,0,5,5
2014-05-11,0,67,61,55,43,89,58,29,30,60,80,60,17,60,52,85,83,34,38,69,45,12,0,31,17,79,72,39,47,55,74,58,62,65,8,65,7,0,0,0,33,77,69,0,0,6,6
2014-05-18,0,66,61,54,42,98,58,24,31,64,89,63,25,56,53,94,79,40,35,85,51,12,0,0,9,47,85,33,50,77,69,60,59,61,12,74,4,0,0,0,60,69,59,0,0,5,6
2014-05-25,0,65,62,47,42,86,68,21,28,62,80,64,16,54,18,79,69,65,37,73,51,11,0,0,8,39,87,27,43,32,74,59,70,67,5,58,6,0,0,0,100,68,69,0,0,6,7
2014-06-01,0,60,59,40,43,88,58,21,27,62,77,53,16,44,30,74,89,30,38,79,35,10,0,100,6,38,73,27,49,57,73,53,56,60,6,61,4,0,0,0,0,58,68,0,9,5,6
2014-06-08,0,61,58,38,41,73,58,22,25,63,66,56,19,41,27,57,58,23,36,69,32,9,0,48,5,35,70,21,48,34,72,49,55,59,6,51,4,0,0,0,42,61,61,0,0,4,5
2014-06-15,0,59,66,35,44,75,62,15,26,62,68,57,19,45,26,72,65,24,40,91,48,10,72,0,9,46,100,24,52,46,68,44,65,67,24,65,6,35,0,0,35,65,77,0,0,4,6
2014-06-22,0,64,84,31,45,67,66,12,25,60,74,58,16,41,66,67,64,19,41,81,50,10,38,25,7,60,69,23,56,42,70,39,56,59,16,62,6,0,0,0,65,66,63,0,0,5,6
2014-06-29,0,57,100,22,43,53,57,12,21,53,60,53,20,40,45,58,65,17,42,77,48,9,0,42,5,56,64,22,60,51,69,26,61,56,41,70,4,34,0,0,0,71,71,0,0,4,6
2014-07-06,0,59,51,20,43,56,50,8,19,59,56,54,17,43,0,54,55,15,41,75,45,9,0,0,5,35,65,22,55,36,66,21,64,57,100,68,5,0,0,0,0,57,58,100,0,5,6
2014-07-13,0,61,50,18,42,52,52,8,19,60,54,48,17,45,32,60,53,11,41,70,45,9,0,35,24,40,56,18,46,43,72,22,79,56,63,64,5,0,0,0,0,73,98,0,9,5,6
2014-07-20,0,67,81,18,44,47,55,9,20,63,46,56,15,43,25,58,55,17,43,69,47,9,37,0,22,50,60,16,51,0,74,22,75,59,7,68,5,0,27,72,35,89,87,0,4,5,6
2014-07-27,0,61,63,18,45,54,69,11,20,64,49,55,19,61,28,56,58,17,41,69,55,9,0,0,49,41,59,18,52,18,74,21,77,50,6,69,5,48,0,0,33,76,82,0,0,6,6
2014-08-03,41,65,70,21,46,43,70,14,19,62,44,55,17,58,36,73,57,17,46,73,50,11,0,0,100,39,59,19,61,17,74,14,74,53,6,68,5,0,40,0,52,76,91,80,0,6,6
2014-08-10,67,65,70,19,43,49,77,10,19,58,44,55,24,46,0,59,50,17,44,73,59,11,0,72,75,41,58,19,59,29,73,20,73,51,5,63,6,100,0,100,44,72,84,77,10,7,7
2014-08-17,31,62,59,18,47,44,78,9,20,60,51,53,22,41,0,59,48,15,47,71,49,14,63,53,29,38,57,17,42,31,74,20,65,50,5,62,4,0,0,0,0,77,77,0,5,6,6
2014-08-24,0,59,66,20,47,46,100,9,18,60,47,50,23,53,0,55,45,18,43,73,45,10,0,24,20,35,55,15,46,9,71,22,73,55,5,61,6,0,0,35,27,76,82,82,0,6,6
2014-08-31,0,59,57,41,51,53,72,13,20,57,59,56,22,48,0,63,55,21,44,77,61,13,0,22,25,36,60,35,46,25,71,27,71,53,7,66,6,0,0,0,48,74,81,87,5,8,6
2014-09-07,0,64,92,60,53,64,77,16,23,61,64,64,22,39,43,70,62,19,48,77,57,18,61,87,53,39,63,54,45,50,70,35,62,52,6,72,6,0,0,0,0,68,67,0,27,7,6
2014-09-14,0,60,53,59,51,69,73,22,27,59,67,63,21,40,31,70,77,39,47,75,58,18,100,0,37,40,63,46,55,57,72,45,56,51,6,75,11,0,0,0,0,71,57,0,18,8,7
2014-09-21,0,61,66,53,52,83,72,16,26,61,76,68,24,38,71,68,74,28,46,77,57,17,41,0,21,36,75,42,52,42,69,54,50,48,5,64,5,87,0,75,62,64,52,0,9,8,6
2014-09-28,0,71,81,54,57,68,73,21,28,58,64,76,22,39,73,74,70,33,53,78,61,28,0,0,17,40,72,45,54,52,71,53,54,49,7,70,8,0,30,0,24,59,47,0,17,8,7
2014-10-05,0,73,80,55,57,74,66,23,27,60,72,76,23,39,51,87,85,46,50,77,54,33,32,39,16,39,73,43,56,56,70,67,49,55,7,67,8,0,0,45,37,61,47,0,27,7,6
2014-10-12,34,75,81,55,57,86,78,26,33,62,78,78,25,39,30,84,93,41,54,79,53,47,51,26,15,40,71,45,53,82,73,74,47,53,7,71,8,0,0,0,39,65,51,0,45,7,7
2014-10-19,0,74,59,57,59,88,61,18,33,64,77,75,25,45,56,81,88,51,57,81,57,36,0,0,12,36,75,39,62,47,70,62,49,53,6,69,6,0,46,0,43,59,53,0,23,6,7
2014-10-26,30,74,69,52,61,80,62,27,32,63,75,72,27,43,0,86,81,100,55,83,68,34,0,0,15,38,77,40,56,74,77,60,51,56,6,74,10,0,0,0,55,64,49,0,17,12,10
2014-11-02,0,70,44,39,62,67,59,24,31,59,70,69,35,40,39,55,68,34,53,69,44,39,0,28,12,39,69,34,60,45,76,54,50,53,5,68,17,0,25,0,0,64,53,0,24,19,15
2014-11-09,0,81,76,54,63,100,78,40,37,69,89,75,36,48,69,91,87,39,61,89,53,45,29,0,15,46,72,41,67,79,74,68,53,55,7,82,17,38,0,0,0,69,52,0,49,25,15
2014-11-16,0,84,69,57,70,93,66,33,35,69,87,76,29,55,64,87,88,39,58,79,51,40,0,33,17,49,83,44,64,63,89,65,53,56,6,78,12,62,0,0,84,62,52,0,28,15,13
2014-11-23,0,85,70,62,67,94,94,39,41,70,100,87,32,46,28,98,91,35,60,83,63,58,71,0,15,53,82,44,71,70,83,74,49,52,6,79,13,58,32,0,38,60,50,0,50,18,13
2014-11-30,0,82,77,66,83,84,82,46,43,71,90,86,41,57,36,83,87,44,62,85,63,74,32,0,14,45,80,49,62,54,82,70,54,49,6,72,23,0,0,0,75,64,55,0,56,30,24
2014-12-07,0,92,98,74,90,93,75,56,46,76,98,88,47,52,72,83,100,42,68,90,77,72,0,33,16,48,83,50,63,96,84,79,51,51,6,75,19,0,35,0,0,70,52,0,79,26,19
2014-12-14,100,100,99,100,100,93,84,100,100,100,95,100,100,54,46,92,93,37,100,100,100,100,53,0,27,55,87,98,98,100,84,100,64,53,6,90,100,0,100,0,96,89,76,0,100,100,100
2014-12-21,40,93,77,76,99,75,77,53,61,79,92,80,44,54,43,89,92,35,83,91,71,78,69,0,17,49,85,100,100,88,92,81,59,52,6,100,36,57,52,0,0,76,68,70,66,59,38
2014-12-28,24,69,44,27,68,43,42,17,31,46,55,58,19,40,33,42,54,21,57,55,35,47,0,0,10,40,58,38,57,13,90,25,52,43,5,71,17,0,23,0,0,70,55,69,48,34,18
2015-01-04,0,62,44,40,42,42,33,44,65,61,61,59,90,46,55,36,23,44,54,54,46,75,0,96,47,33,52,48,83,26,85,36,60,73,72,33,60,0,0,0,52,67,39,0,74,68,57
2015-01-11,0,77,63,69,45,76,54,86,88,76,98,82,100,58,39,84,38,70,75,82,79,89,0,53,55,39,58,79,100,29,82,65,74,76,73,48,100,0,65,0,28,73,48,0,62,71,61
2015-01-18,0,81,62,80,44,81,51,71,89,73,91,80,76,72,59,81,34,61,74,76,86,74,0,43,65,43,63,65,89,26,82,72,88,86,66,45,69,0,0,0,0,70,57,0,33,51,50
2015-01-25,60,86,74,66,43,72,57,66,95,72,85,85,81,81,78,91,31,63,74,81,86,67,0,0,100,49,65,72,90,50,88,57,88,89,69,46,75,88,0,0,14,80,59,0,44,56,54
2015-02-01,0,75,56,63,47,74,55,69,85,77,87,80,75,82,38,84,32,65,77,81,79,84,7,0,67,47,68,64,98,41,100,56,86,88,76,52,71,0,53,0,30,78,58,58,63,59,52
2015-02-08,32,72,63,66,45,72,49,60,86,75,70,77,56,79,96,84,30,69,74,77,78,72,13,58,71,46,66,63,88,37,100,59,98,90,68,47,59,0,25,0,0,81,70,0,39,54,45
2015-02-15,39,78,78,68,48,78,56,64,88,79,94,79,76,79,78,78,33,74,79,83,91,74,14,100,97,44,75,60,93,43,95,63,94,98,66,52,75,0,45,31,37,82,60,0,28,60,52
2015-02-22,0,68,68,65,48,76,49,66,84,74,82,76,61,71,79,69,30,67,75,73,81,58,9,0,55,41,81,61,99,32,86,51,80,100,65,41,63,51,0,46,37,80,53,95,42,74,49
2015-03-01,68,69,63,68,51,75,57,63,80,70,81,74,78,70,84,72,32,63,76,76,76,50,0,65,56,43,100,63,89,30,86,59,75,92,63,50,61,0,0,0,65,80,51,0,41,56,51
2015-03-08,0,74,65,70,45,73,48,54,80,68,80,77,54,74,91,73,34,59,74,66,76,51,0,0,67,47,81,64,71,44,81,61,70,91,68,47,59,0,23,48,57,75,46,0,36,47,52
2015-03-15,0,75,74,73,42,80,44,62,83,73,94,81,66,75,53,88,75,71,80,79,75,51,0,0,62,44,73,66,78,37,82,69,71,87,73,54,53,0,23,100,24,78,53,0,43,43,48
2015-03-22,62,78,71,53,47,89,44,54,77,76,82,83,61,58,37,80,100,69,82,75,88,49,23,0,48,39,70,63,80,38,80,61,76,96,73,52,63,0,100,0,32,70,52,0,36,52,52
2015-03-29,0,76,78,69,49,86,54,56,80,78,93,80,71,80,90,95,57,68,85,77,90,51,0,0,58,45,77,68,92,33,100,65,67,91,74,59,59,0,26,67,0,74,49,0,48,50,48
2015-04-05,0,76,61,64,47,89,59,79,78,73,94,76,63,87,56,86,40,65,83,75,75,51,0,37,47,42,70,74,86,39,83,63,63,79,76,57,71,0,0,0,0,65,47,0,44,65,61
2015-04-12,42,72,53,67,43,79,49,58,70,82,95,75,72,80,71,77,34,65,81,73,75,40,0,0,41,45,64,64,69,40,75,57,64,79,65,53,73,0,0,0,38,60,45,69,31,68,61
2015-04-19,91,67,73,65,48,88,59,61,70,76,100,76,47,87,75,85,35,72,78,83,85,37,9,0,44,41,62,64,69,41,73,68,64,84,70,50,60,0,0,0,42,58,40,100,26,55,57
2015-04-26,87,65,55,53,43,72,49,51,68,64,78,63,63,77,64,77,28,54,74,63,63,34,0,0,32,40,66,59,64,29,73,52,63,73,75,49,55,100,0,0,23,59,44,0,35,43,45
2015-05-03,0,67,61,48,45,64,47,49,65,68,64,62,56,100,29,64,26,62,74,62,75,42,0,40,31,78,62,58,68,28,74,44,61,78,100,49,38,0,0,0,0,66,44,0,21,39,38
2015-05-10,0,69,67,74,44,81,56,54,73,69,82,79,39,84,86,70,34,65,73,68,71,35,0,0,37,100,68,68,79,41,69,58,59,78,85,48,57,0,0,0,0,59,44,0,24,38,40
2015-05-17,0,73,70,73,46,89,53,56,74,76,85,78,56,62,68,81,36,71,83,74,84,33,0,0,39,78,67,69,74,36,69,63,63,82,79,49,46,0,20,0,0,71,49,0,8,34,43
2015-05-24,48,64,71,63,48,88,47,55,64,75,79,72,64,57,66,73,31,48,75,67,78,29,0,36,35,34,61,50,67,29,72,64,61,72,74,53,52,0,43,0,76,67,46,99,23,37,42
2015-05-31,30,70,72,55,47,86,47,54,64,75,83,70,64,42,40,71,31,50,76,73,81,31,42,0,38,35,55,52,69,46,67,59,65,71,61,55,62,0,0,0,35,63,48,0,34,41,46
2015-06-07,59,67,67,50,44,73,44,52,60,68,72,61,62,46,33,73,29,52,75,62,70,29,100,0,43,34,54,47,65,46,64,55,65,73,67,53,53,0,0,0,29,59,47,0,12,40,47
2015-06-14,0,73,59,48,44,76,50,48,61,68,78,63,47,41,22,71,30,51,77,67,77,24,73,0,41,36,57,47,69,30,69,52,74,68,65,56,51,0,0,19,0,64,51,0,23,35,43
2015-06-21,30,69,71,41,49,64,52,39,51,76,66,64,53,38,17,69,27,58,77,79,80,23,14,44,57,35,62,41,77,27,67,48,69,69,66,57,42,0,0,29,59,65,50,0,13,30,39
2015-06-28,0,70,84,35,46,53,41,31,55,76,59,63,60,35,42,56,27,46,84,77,83,23,28,76,40,37,67,39,73,5,68,30,64,69,64,59,45,0,0,0,0,70,50,0,20,33,45
2015-07-05,0,77,100,32,47,60,52,26,60,70,54,63,60,35,20,63,23,45,83,76,74,33,0,52,33,36,52,35,63,10,70,27,64,71,60,58,43,74,0,0,0,64,49,0,29,36,45
2015-07-12,60,67,62,28,46,55,78,24,47,74,57,59,55,37,35,65,23,56,78,77,89,29,0,0,38,35,52,44,66,12,69,26,68,76,65,60,40,0,0,20,0,72,50,0,16,36,41
2015-07-19,0,69,59,29,45,49,50,20,54,76,55,59,61,37,20,64,22,47,79,76,79,31,17,0,25,33,58,37,63,11,69,29,67,74,62,61,37,0,0,0,0,70,47,0,30,32,42
2015-07-26,31,64,52,26,47,50,67,25,47,77,53,67,42,37,66,51,23,46,77,80,87,41,9,31,50,35,54,35,69,16,65,27,67,77,63,57,47,0,35,0,66,72,46,0,38,41,50
2015-08-02,50,64,64,26,44,49,76,20,48,70,57,56,53,38,0,60,28,36,77,79,73,50,8,0,59,30,53,37,72,18,61,28,63,73,62,58,55,0,0,0,23,72,44,88,48,48,55
2015-08-09,60,65,72,27,46,49,84,19,48,74,53,59,52,36,15,62,25,34,82,74,74,48,0,0,52,32,51,36,61,5,63,27,63,74,61,54,60,0,23,52,0,71,44,0,47,46,53
2015-08-16,0,67,67,27,46,51,100,41,62,75,53,63,73,41,12,58,20,34,80,81,94,64,8,0,46,33,53,43,75,23,66,25,62,72,63,57,66,62,0,0,0,73,44,0,58,82,60
2015-08-23,0,68,76,37,51,46,85,31,74,71,53,60,63,37,0,61,19,40,81,78,82,91,0,57,48,34,55,57,75,14,64,27,64,71,59,57,89,67,0,48,17,74,49,0,91,100,100
2015-08-30,42,68,70,58,49,51,97,23,61,67,54,60,50,41,33,60,23,45,76,79,82,69,0,79,46,36,49,62,67,18,58,40,65,74,71,59,60,0,0,0,100,67,45,0,78,62,61
2015-09-06,74,66,68,85,48,60,76,45,66,71,59,76,59,42,43,66,28,47,73,83,81,54,10,25,38,34,57,98,72,35,62,43,62,78,77,63,52,0,31,0,0,72,45,0,60,53,47
2015-09-13,84,69,64,73,46,71,65,43,68,79,68,70,42,43,78,70,29,61,81,70,69,46,0,78,53,35,62,93,62,44,65,48,60,74,77,55,40,0,0,0,15,64,46,0,35,60,44
2015-09-20,58,73,61,74,48,73,69,43,69,76,70,73,66,45,77,83,32,66,77,75,78,35,0,0,53,37,60,85,74,28,69,59,65,71,75,53,43,0,41,18,43,71,49,0,26,45,39
2015-09-27,49,71,67,67,54,64,74,44,65,70,74,69,63,52,35,74,31,60,80,73,75,36,0,0,41,37,59,79,73,32,63,65,68,74,69,54,37,0,90,0,32,72,62,0,28,40,37
2015-10-04,0,64,65,68,52,78,72,47,71,74,74,72,68,46,42,84,31,67,80,75,70,49,12,0,33,37,66,69,78,44,64,68,67,75,77,56,48,0,24,0,31,76,59,0,37,43,39
2015-10-11,54,78,77,71,55,84,71,55,72,71,78,76,60,43,42,76,31,80,81,80,70,47,0,44,37,38,80,73,75,39,68,68,69,83,87,56,49,0,22,0,0,81,53,0,28,45,41
2015-10-18,76,71,67,71,54,82,76,48,83,75,81,73,64,48,34,83,34,79,83,85,94,42,0,0,40,39,70,74,81,43,68,81,67,77,75,56,42,0,0,0,40,77,51,0,29,39,41
2015-10-25,0,76,68,68,54,82,60,46,78,77,78,74,69,49,46,80,34,89,75,82,76,43,13,0,34,45,67,74,86,100,73,68,70,76,73,56,47,0,0,0,16,71,58,0,25,40,39
2015-11-01,54,66,62,57,57,68,65,56,71,77,89,70,58,45,42,71,32,64,79,68,88,34,0,0,23,36,63,58,87,34,73,56,87,78,71,60,38,0,0,0,39,78,66,0,20,41,34
2015-11-08,0,77,70,68,56,75,75,63,79,82,90,78,74,54,60,86,35,79,91,79,90,44,0,0,30,44,68,82,91,26,81,66,82,85,91,62,45,0,0,0,0,78,63,0,36,41,36
2015-11-15,100,94,74,70,60,96,78,65,84,81,87,74,62,61,100,86,35,83,81,79,93,46,0,0,37,44,68,77,77,40,78,77,83,91,83,63,40,82,0,0,39,76,68,0,36,38,34
2015-11-22,62,81,75,79,69,87,73,65,76,79,92,75,66,76,73,90,34,85,83,85,84,44,0,44,59,46,67,68,84,29,86,73,100,88,77,65,37,0,0,0,0,100,100,0,25,34,33
2015-11-29,35,86,59,81,71,94,69,75,83,83,97,100,70,72,80,91,34,84,84,78,95,46,0,0,85,39,69,77,94,41,82,81,89,80,70,77,46,0,19,0,13,93,82,0,31,34,37
2015-12-06,59,86,79,86,78,95,76,84,86,91,91,96,79,67,67,87,36,100,87,84,100,83,24,0,53,43,76,73,77,41,81,86,77,82,71,85,55,0,0,0,0,80,72,0,62,42,43
2015-12-13,0,95,88,98,90,100,78,100,99,100,99,80,77,66,82,94,37,88,90,82,93,100,0,0,44,49,77,94,86,60,77,96,80,80,75,91,62,0,0,0,0,88,67,84,100,56,48
2015-12-20,64,100,71,100,100,95,82,86,100,98,98,79,66,63,51,100,40,82,100,100,94,91,0,0,97,41,84,100,92,60,87,100,82,82,76,100,63,0,0,44,0,92,70,72,75,54,40
2015-12-27,81,68,50,36,61,48,56,43,66,65,63,57,65,44,24,54,21,52,84,70,69,62,0,0,41,35,59,53,69,18,81,35,76,71,60,65,41,0,0,0,38,79,60,0,53,46,37
2016-01-03,20,64,64,48,51,56,41,49,15,64,66,65,63,43,34,38,60,40,61,40,29,51,44,65,55,12,82,40,63,33,100,51,80,63,9,47,40,0,0,0,13,96,75,0,37,45,49
2016-01-10,0,81,73,81,53,80,67,86,20,93,90,99,98,51,62,82,99,67,97,100,61,71,34,40,78,12,86,72,74,17,89,80,93,72,10,73,69,0,38,0,28,91,82,0,56,64,63
2016-01-17,37,92,82,98,59,87,66,100,22,87,99,93,100,56,100,86,95,77,100,82,69,100,0,24,100,12,96,81,80,53,97,100,92,71,9,73,100,0,0,0,16,83,76,0,100,100,100
2016-01-24,36,96,78,76,60,75,61,76,20,94,85,100,78,53,80,78,92,84,97,75,57,83,0,50,68,11,96,66,78,52,91,77,94,74,11,78,81,27,0,95,0,100,81,14,87,86,76
2016-01-31,28,100,81,72,59,80,76,61,17,75,94,92,88,53,88,85,88,62,94,70,58,65,0,0,54,12,94,59,82,43,97,63,90,74,9,70,57,0,100,100,0,95,85,0,73,67,63
2016-02-07,0,92,100,81,68,87,81,80,19,86,90,91,78,64,64,88,94,70,92,72,48,54,41,0,68,12,96,69,72,53,94,79,93,77,10,68,65,0,0,0,21,98,80,0,64,52,68
2016-02-14,0,87,97,87,61,85,75,67,16,89,91,89,73,62,85,100,97,71,96,73,56,56,0,0,73,11,96,66,80,44,99,70,91,73,9,67,50,0,0,0,14,98,89,0,57,51,60
2016-02-21,31,80,80,75,63,80,74,53,15,80,81,84,69,59,48,75,89,67,86,60,46,49,0,0,49,11,89,64,69,42,95,75,86,75,8,63,42,0,0,0,19,90,78,0,53,43,51
2016-02-28,28,85,75,77,69,77,71,57,15,77,84,83,75,56,48,94,93,71,96,63,52,49,0,69,64,12,96,65,76,59,80,73,86,68,9,69,60,67,0,0,0,88,75,0,54,43,55
2016-03-06,17,79,68,64,57,82,50,53,15,73,71,72,80,57,16,62,74,62,84,52,46,56,0,0,59,11,81,53,69,60,85,66,77,66,8,60,42,0,0,0,0,77,76,16,45,42,55
2016-03-13,15,93,92,96,59,100,71,75,16,90,90,87,75,67,35,89,100,79,95,61,55,50,0,45,70,12,100,70,77,55,87,86,86,70,9,71,51,0,76,0,0,90,86,0,34,48,59
2016-03-20,47,90,66,74,58,83,70,76,15,88,100,91,78,53,51,88,91,80,95,61,52,44,0,26,57,11,91,69,73,59,95,78,87,74,10,71,51,41,0,66,21,91,96,0,41,47,57
2016-03-27,18,86,75,76,58,92,67,69,15,84,95,89,68,57,55,82,97,76,90,67,64,41,0,40,56,11,94,62,72,48,96,81,87,71,11,67,53,0,39,0,15,90,84,0,36,44,50
2016-04-03,0,85,87,84,62,84,65,71,15,84,90,83,69,67,39,76,91,70,89,53,50,39,73,74,57,11,84,69,74,46,89,75,87,65,8,63,50,0,34,0,19,91,88,0,28,39,52
2016-04-10,29,85,82,79,57,95,69,81,16,88,94,81,68,61,59,99,92,76,96,59,65,45,40,0,46,12,86,74,67,53,84,85,80,66,8,63,54,100,0,40,0,90,77,0,32,39,53
2016-04-17,59,78,95,78,61,92,65,70,15,87,96,81,60,60,50,89,87,78,87,65,61,50,0,0,54,10,91,65,67,40,82,78,78,61,8,66,59,69,32,0,15,75,71,0,45,40,54
2016-04-24,15,85,62,69,58,82,57,67,15,78,96,76,66,60,61,80,84,80,91,55,51,39,72,0,48,10,99,66,69,45,79,74,75,59,9,77,51,0,0,0,0,77,66,0,22,33,51
2016-05-01,36,73,51,59,52,66,62,53,13,71,65,60,52,74,39,65,66,64,76,45,41,37,46,0,48,11,92,56,61,32,79,61,73,59,9,61,41,0,0,0,37,76,64,0,27,31,46
2016-05-08,41,71,55,66,52,80,64,69,14,72,67,73,58,100,20,73,82,79,84,52,40,32,0,29,60,10,81,61,65,41,78,74,71,67,14,65,41,0,0,34,36,74,67,0,22,27,43
2016-05-15,71,88,68,89,55,89,74,90,15,88,85,83,61,62,53,81,94,94,89,62,50,35,0,33,57,14,83,75,71,66,78,93,85,76,27,69,44,0,0,0,0,82,73,0,25,30,50
2016-05-22,0,86,67,83,55,88,65,83,13,82,82,77,73,46,70,78,88,77,81,56,59,31,0,38,62,15,87,68,69,58,75,76,77,64,8,66,40,0,0,0,0,81,68,0,19,27,45
2016-05-29,32,82,55,66,57,85,63,54,12,76,71,78,63,36,76,76,91,72,85,56,58,28,38,57,55,9,82,57,60,56,75,68,74,65,11,71,41,31,0,0,0,76,68,0,15,26,48
2016-06-05,28,78,80,60,56,83,66,83,12,87,88,81,53,35,43,79,92,77,90,58,51,31,0,0,57,9,83,59,74,100,80,69,85,66,11,76,47,0,0,0,18,79,72,38,19,28,50
2016-06-12,0,79,74,50,54,65,61,52,11,78,74,66,51,35,25,60,80,65,86,49,56,28,0,21,56,9,73,50,61,45,71,54,78,100,67,71,30,0,25,0,0,79,69,14,20,25,46
2016-06-19,70,75,63,47,49,64,41,42,10,77,65,68,61,39,29,67,75,51,83,56,61,25,0,0,54,9,76,45,56,32,66,58,77,65,14,76,37,0,0,0,0,78,69,58,20,27,56
2016-06-26,52,68,66,39,60,53,60,36,9,71,57,78,46,29,0,56,76,43,85,56,45,22,0,0,47,7,76,38,58,29,68,44,83,57,44,70,49,0,0,80,0,81,78,0,17,26,59
2016-07-03,17,70,66,35,56,48,59,28,9,79,59,72,64,29,17,63,84,42,88,56,57,22,0,0,43,9,76,33,47,24,66,31,86,61,100,69,38,0,31,0,0,84,74,0,25,24,55
2016-07-10,0,66,78,29,52,40,54,22,8,71,52,60,52,29,0,56,63,44,85,54,48,19,35,18,33,8,72,33,58,9,64,32,88,56,12,63,42,46,0,0,13,80,87,0,19,22,52
2016-07-17,65,65,66,30,57,45,72,25,10,73,50,63,52,29,32,51,62,52,85,58,55,19,0,0,30,8,71,39,59,14,68,28,96,58,9,68,32,0,43,0,38,82,88,29,18,23,52
2016-07-24,0,68,65,27,51,37,77,22,10,72,50,63,50,31,23,52,55,41,82,55,53,26,0,0,26,9,71,37,59,19,64,28,84,57,8,69,42,0,0,26,18,92,78,0,25,29,52
2016-07-31,29,76,61,25,58,47,73,24,12,70,50,59,46,28,15,50,53,35,83,52,55,24,0,0,31,9,71,35,65,25,69,33,81,58,7,68,32,0,78,0,0,83,75,100,19,27,50
2016-08-07,36,71,66,24,56,51,90,19,63,64,48,58,54,27,0,55,52,37,84,54,47,21,0,0,19,9,65,36,54,17,70,30,91,60,8,60,34,0,41,0,0,97,81,0,15,24,49
2016-08-14,0,68,57,26,56,42,99,23,100,69,48,62,60,31,19,58,52,30,85,59,55,22,55,67,25,8,68,41,62,19,77,27,85,61,9,68,42,0,41,0,15,98,84,0,15,26,47
2016-08-21,0,78,43,26,54,39,78,27,44,72,46,64,40,29,28,53,50,45,79,62,49,21,0,0,25,9,70,39,61,28,72,30,81,57,9,60,25,0,0,0,14,89,78,0,20,24,44
2016-08-28,29,67,54,42,48,37,97,25,23,74,52,64,57,29,0,62,55,40,80,59,56,20,0,0,42,8,69,47,58,21,70,27,94,59,7,57,35,0,33,0,0,95,86,18,11,24,44
2016-09-04,20,73,55,87,60,62,100,41,21,78,52,69,71,31,34,72,77,59,86,57,57,21,35,35,56,9,91,100,68,18,70,43,80,63,9,63,31,0,0,100,21,85,76,0,14,26,44
2016-09-11,24,73,70,81,63,63,84,41,17,79,63,75,76,30,21,72,76,86,83,64,48,21,0,0,51,10,79,89,59,27,68,57,78,60,7,57,47,0,0,0,0,75,75,20,15,23,42
2016-09-18,32,75,62,84,57,59,72,48,16,75,59,69,50,31,57,76,78,86,79,58,52,20,51,100,42,11,85,82,65,56,68,61,76,61,8,61,43,0,0,0,0,81,72,0,18,21,40
2016-09-25,19,73,70,76,59,67,77,51,17,73,74,72,54,34,16,79,82,63,78,59,56,22,56,0,39,10,83,76,63,48,78,55,75,61,8,67,44,0,0,0,16,78,69,0,16,21,40
2016-10-02,46,85,73,75,61,63,78,60,21,78,72,71,61,34,56,73,81,69,83,58,58,24,33,20,61,12,87,70,68,55,77,71,77,64,9,74,47,0,58,29,0,70,72,0,14,24,44
2016-10-09,0,74,74,80,62,71,70,63,19,79,71,82,52,39,56,81,84,75,86,57,83,23,0,0,53,12,87,77,75,50,80,87,83,64,9,74,41,0,43,0,43,72,73,0,13,22,45
2016-10-16,24,86,79,77,63,69,73,66,17,79,73,78,67,41,85,83,90,76,81,62,71,19,0,0,75,12,90,83,77,52,76,77,76,62,9,69,37,0,0,0,14,83,73,44,13,20,43
2016-10-23,0,85,75,73,68,70,67,63,15,79,83,78,68,36,71,83,99,77,79,62,68,19,0,0,58,13,97,86,79,40,83,92,78,64,8,76,41,0,0,0,15,76,74,21,13,20,46
2016-10-30,14,75,79,57,71,67,59,44,13,83,74,72,67,43,30,66,84,72,81,55,51,24,0,77,42,15,93,64,83,28,86,66,77,68,8,76,45,0,32,0,51,74,66,0,13,23,44
2016-11-06,100,87,75,71,72,76,69,69,15,82,83,81,70,48,50,79,87,89,90,64,62,25,0,0,63,100,88,78,68,38,77,76,88,71,8,85,43,0,0,27,100,87,86,30,15,34,48
2016-11-13,46,83,67,79,76,83,83,77,15,89,81,78,63,37,46,82,85,99,87,61,88,26,0,0,54,15,86,72,78,50,83,84,91,69,9,95,45,0,50,0,0,86,78,14,18,31,45
2016-11-20,73,95,82,80,84,79,73,77,14,91,78,82,56,41,49,79,95,100,84,68,64,24,0,29,48,12,95,81,81,70,82,73,83,72,9,93,41,0,62,0,0,79,77,0,16,27,48
2016-11-27,30,92,84,80,88,80,67,88,15,91,79,79,53,42,55,84,90,86,86,64,64,32,0,31,47,11,87,82,88,59,79,84,81,64,8,97,44,0,45,27,0,80,73,13,18,26,47
2016-12-04,39,93,99,82,94,87,64,79,15,100,78,76,64,41,39,87,94,91,82,67,100,24,0,0,46,10,90,74,80,51,85,89,81,65,8,100,54,0,40,0,15,70,76,0,20,25,47
2016-12-11,92,92,96,100,98,90,78,78,15,96,84,77,59,40,94,88,93,88,84,69,94,30,0,20,64,10,90,89,80,74,80,91,83,64,8,100,42,0,0,0,0,68,79,0,22,34,59
2016-12-18,61,94,67,92,100,80,76,100,16,98,87,87,56,44,59,91,98,83,91,70,83,23,0,0,63,12,97,87,100,59,87,97,96,65,9,96,31,0,0,0,0,87,91,0,18,30,53
2016-12-25,74,79,67,52,86,57,60,52,12,73,66,59,57,35,33,66,72,60,94,56,81,20,60,0,100,10,83,64,70,34,81,60,100,59,7,82,26,0,0,0,0,95,100,0,17,27,52
2017-01-01,52,63,46,35,61,46,45,33,10,60,56,59,47,34,41,27,53,43,49,42,35,19,100,0,42,13,73,37,62,24,88,36,81,57,8,60,15,29,0,0,0,67,72,0,16,26,41
2017-01-01,35,64,44,38,48,48,42,35,45,51,58,60,47,47,54,31,25,43,49,52,26,82,47,0,16,66,56,38,68,24,94,40,77,72,27,44,28,31,0,0,0,87,75,0,100,78,67
2017-01-08,43,82,70,67,54,72,53,78,56,80,80,86,67,60,100,85,44,55,82,80,46,92,0,0,20,59,64,64,91,47,97,75,78,76,27,68,67,0,18,0,72,84,74,0,76,97,81
2017-01-15,39,91,86,87,56,72,57,67,63,78,92,82,76,62,75,87,48,81,81,86,48,78,16,72,19,68,63,73,91,50,95,83,76,81,28,71,57,0,0,0,55,84,75,0,57,89,75
2017-01-22,34,85,69,75,51,64,63,60,55,79,84,86,62,65,100,96,45,68,84,86,50,81,0,48,36,59,70,75,82,55,100,78,76,83,26,73,68,0,30,50,38,86,71,0,92,81,69
2017-01-29,10,88,60,64,55,65,59,61,51,80,83,80,53,62,93,90,42,65,78,91,41,75,0,53,33,59,73,65,87,56,93,57,84,83,28,70,67,0,0,0,0,92,78,0,89,82,72
2017-02-05,38,100,87,75,57,71,59,68,53,83,87,78,57,69,93,93,42,72,83,100,45,83,0,39,20,53,71,76,86,33,95,63,85,84,30,73,71,0,0,0,52,99,83,0,64,83,76
2017-02-12,13,90,70,79,62,81,60,70,51,81,83,83,71,71,77,87,40,74,86,89,46,93,0,0,21,63,72,70,96,60,92,68,82,84,28,68,100,0,0,68,75,91,72,90,70,100,88
2017-02-19,10,79,50,62,56,59,54,49,49,80,78,64,51,67,39,66,36,62,75,78,35,77,22,31,16,47,68,65,81,45,91,63,76,86,27,63,54,0,0,0,30,86,75,0,65,82,70
2017-02-26,36,96,80,76,66,78,60,65,51,82,82,77,56,79,78,86,39,65,88,90,43,76,0,57,16,49,73,79,83,82,92,79,75,81,26,69,69,0,0,0,93,81,66,0,56,84,82
2017-03-05,14,76,80,68,54,65,57,50,48,76,75,69,43,69,44,74,37,67,78,76,36,78,0,55,13,46,60,72,69,52,84,64,68,74,25,65,43,0,13,0,42,73,66,0,65,71,69
2017-03-12,49,87,79,85,56,87,59,74,53,90,90,96,56,79,77,94,52,88,90,85,48,93,0,0,22,52,69,80,95,46,81,76,76,85,29,72,79,0,0,0,0,85,70,0,52,79,75
2017-03-19,57,82,69,81,51,83,62,65,52,85,92,88,52,72,66,88,83,73,82,85,45,79,0,0,21,48,69,80,77,39,85,73,78,91,34,73,78,0,0,0,33,83,74,0,84,73,77
2017-03-26,29,89,84,72,54,100,50,64,53,86,86,83,54,56,70,84,100,86,88,86,45,76,0,54,46,48,81,73,84,51,84,72,78,83,30,71,79,0,0,0,46,92,73,0,73,81,83
2017-04-02,16,89,63,83,55,81,67,61,52,83,86,81,56,80,55,95,59,88,86,80,50,74,0,0,45,64,71,78,78,43,86,76,100,79,26,73,88,0,33,0,49,99,100,0,76,80,84
2017-04-09,59,80,83,82,56,80,62,79,56,84,90,78,57,86,74,88,47,82,93,80,53,72,0,0,26,76,69,81,79,47,84,77,81,73,27,74,77,0,0,0,91,96,87,0,54,79,78
2017-04-16,66,84,69,79,55,82,63,72,58,82,90,81,55,87,64,91,42,87,82,84,47,69,0,0,13,63,62,84,82,40,89,68,76,75,28,72,65,0,0,100,0,80,73,0,16,68,73
2017-04-23,47,79,82,73,52,76,52,84,49,82,100,75,60,73,49,85,42,90,85,92,47,66,17,30,18,53,65,85,76,100,74,72,76,70,27,70,54,0,0,0,63,81,68,0,53,75,76
2017-04-30,54,81,83,59,49,79,51,56,52,74,73,64,51,79,45,74,36,71,82,70,41,74,0,68,18,49,56,68,63,45,71,58,66,65,30,67,64,0,0,0,32,84,64,69,70,70,69
2017-05-07,20,77,75,66,43,68,59,60,47,73,70,70,54,100,56,70,34,67,77,63,32,68,0,58,14,52,57,64,66,46,78,62,67,77,68,67,42,0,30,0,0,82,67,100,69,70,77
2017-05-14,100,84,63,83,52,86,55,77,55,83,81,79,62,65,60,93,44,81,86,82,44,70,0,77,39,100,66,82,69,49,67,73,70,93,44,71,55,0,21,0,35,82,67,40,43,71,84
2017-05-21,79,83,78,63,50,75,64,78,54,82,82,75,50,52,76,81,41,71,76,80,56,72,0,95,18,47,69,68,76,52,67,74,76,87,26,71,61,0,0,0,62,77,68,0,61,67,79
2017-05-28,38,74,77,58,56,78,50,60,46,86,82,72,59,42,0,82,39,70,77,81,47,66,0,0,21,43,60,68,72,48,71,70,76,81,25,70,71,0,0,0,56,82,67,0,8,63,80
2017-06-04,35,67,65,69,56,73,50,79,47,77,78,74,62,44,52,80,38,85,83,79,44,75,0,45,13,38,60,58,79,54,72,79,74,80,29,77,60,0,0,0,31,80,68,0,42,64,85
2017-06-11,65,72,79,54,55,63,47,57,43,80,65,76,46,43,38,62,38,65,81,80,42,73,0,100,25,42,58,51,74,44,70,61,76,87,28,85,66,0,0,36,85,85,67,0,67,70,77
2017-06-18,56,77,69,51,53,69,46,54,39,84,72,77,46,49,50,75,36,60,79,82,45,100,0,0,32,43,64,50,73,71,67,57,70,80,62,88,61,34,0,33,0,76,70,26,90,94,97
2017-06-25,52,71,55,40,54,60,48,37,41,81,60,63,58,46,30,62,31,55,82,82,100,83,0,41,15,41,55,44,81,35,66,42,76,76,100,97,81,0,0,0,73,84,66,0,80,80,95
2017-07-02,58,74,56,38,50,49,52,44,37,83,57,63,53,40,24,55,28,51,83,80,54,71,100,31,14,42,67,43,79,25,72,29,75,75,97,100,70,0,22,74,0,87,77,0,46,75,97
2017-07-09,42,69,63,29,56,46,71,36,35,81,56,62,51,45,35,58,26,46,84,81,40,78,23,0,17,40,57,51,83,36,69,31,73,76,26,94,82,0,0,0,37,84,69,50,92,80,100
2017-07-16,34,68,65,34,49,51,63,27,31,84,59,58,48,53,15,63,29,48,79,80,41,65,0,0,14,41,55,45,80,27,73,34,77,77,25,84,71,0,23,0,60,79,66,0,50,69,95
2017-07-23,66,78,64,32,53,50,68,28,32,83,50,65,58,49,28,56,26,54,74,80,45,67,19,69,100,46,60,42,77,33,70,33,76,76,26,83,65,100,59,0,88,89,73,0,73,66,100
2017-07-30,57,67,69,32,57,52,80,27,31,84,49,60,59,42,27,64,31,43,81,83,48,78,0,36,95,46,56,49,74,24,69,35,76,76,24,81,80,0,24,0,30,90,81,0,84,86,89
2017-08-06,64,63,65,28,52,47,83,29,37,76,50,63,54,45,24,63,25,49,83,76,45,61,22,0,31,39,56,51,74,32,69,25,71,75,24,84,68,58,25,0,40,83,74,37,61,72,89
2017-08-13,43,67,57,31,60,57,100,27,37,83,60,66,77,45,40,65,26,47,87,79,47,56,0,41,16,48,57,52,83,38,74,37,81,86,25,83,84,0,16,0,0,92,80,0,61,67,85
2017-08-20,60,77,35,29,52,47,96,27,35,82,51,59,61,38,19,64,23,47,78,82,48,53,0,0,20,51,63,43,77,18,69,29,77,74,25,82,83,0,21,31,0,86,79,0,29,62,79
2017-08-27,80,65,48,33,54,48,98,24,33,78,51,56,54,40,16,60,24,43,76,82,47,52,0,49,14,46,60,49,75,25,69,32,75,84,28,79,80,0,31,0,46,85,77,0,43,70,83
2017-09-03,48,68,81,81,60,66,97,51,41,77,65,65,56,46,33,72,36,60,82,81,53,68,0,0,14,52,60,96,81,31,68,45,77,88,32,83,85,0,31,0,31,78,72,80,37,90,88
2017-09-10,50,70,66,95,57,67,86,47,45,84,71,65,53,46,67,75,37,71,85,81,49,57,24,0,18,56,58,100,85,43,67,50,85,82,27,95,71,0,0,0,0,90,72,26,63,79,84
2017-09-17,53,76,58,87,59,68,83,49,49,84,72,69,74,49,24,79,37,78,93,85,51,53,0,0,16,49,63,94,80,50,72,68,76,80,28,95,76,0,0,0,60,89,75,0,37,66,76
2017-09-24,34,72,63,81,62,68,85,48,49,84,75,71,54,49,57,85,39,72,80,89,53,66,0,0,18,52,67,93,88,42,77,74,81,84,32,89,74,26,100,0,74,92,77,35,64,64,75
2017-10-01,28,80,75,75,67,72,80,61,50,82,75,62,81,50,64,86,42,75,81,79,49,59,23,0,14,48,66,84,85,39,79,75,76,92,32,85,96,0,0,0,0,80,72,0,62,70,74
2017-10-08,53,74,58,80,65,71,71,68,54,83,75,73,64,60,62,91,46,88,90,87,48,58,0,30,18,50,67,95,84,34,84,93,79,100,32,85,74,44,0,0,29,91,78,0,46,64,77
2017-10-15,39,74,76,81,67,68,69,70,59,85,81,77,74,65,77,96,44,87,84,81,48,62,0,29,23,49,65,77,86,48,87,75,83,85,31,81,65,0,0,0,43,88,84,0,43,62,77
2017-10-22,57,81,67,78,62,86,58,60,52,83,76,71,71,58,58,92,45,100,79,81,43,55,0,0,21,48,72,74,79,33,81,82,84,86,29,75,64,0,0,0,0,93,75,0,38,58,73
2017-10-29,37,78,70,64,72,81,61,58,48,86,79,73,77,51,0,85,40,70,81,78,49,63,0,0,24,49,67,66,93,57,88,83,81,94,29,78,74,0,0,70,30,81,78,0,38,65,73
2017-11-05,24,77,72,69,72,74,55,66,49,89,78,71,77,62,34,88,42,70,81,82,50,73,0,51,21,49,65,76,85,42,86,70,84,92,33,82,56,0,24,0,0,85,79,0,63,67,72
2017-11-12,44,81,77,78,75,78,60,81,56,91,89,79,73,58,61,97,44,95,89,92,55,76,0,58,16,53,69,88,93,39,82,88,77,89,33,85,62,43,19,0,44,80,80,0,55,72,84
2017-11-19,48,87,81,79,80,88,66,77,61,90,87,79,61,60,59,99,47,98,86,92,52,62,0,0,13,54,70,83,100,53,90,85,86,97,30,85,68,0,0,0,45,95,85,30,38,67,77
2017-11-26,64,81,100,79,79,88,78,89,100,94,95,100,79,72,69,94,44,94,90,84,57,68,0,0,22,50,73,85,95,36,86,97,80,98,29,82,59,0,14,46,89,91,81,0,41,67,73
2017-12-03,48,88,85,91,86,91,76,100,80,89,87,80,100,69,54,89,45,94,85,91,54,54,0,32,18,53,74,80,87,51,91,82,89,100,28,88,67,0,0,54,56,100,87,28,40,71,73
2017-12-10,49,85,77,99,92,94,67,97,67,100,100,81,96,62,97,100,47,96,89,91,60,65,0,0,18,54,100,95,93,69,86,96,83,98,29,99,84,0,26,0,100,93,91,0,62,80,74
2017-12-17,44,84,93,100,100,88,66,100,68,96,87,73,92,58,65,96,47,96,90,94,60,55,17,71,23,56,79,85,85,54,90,100,82,91,29,100,87,0,0,0,0,98,93,28,46,80,73
2017-12-24,42,81,66,61,94,78,55,68,54,94,71,62,67,51,47,90,37,81,100,91,50,60,21,0,18,46,69,69,90,37,92,69,82,86,25,91,77,0,0,0,57,96,89,0,42,79,78
2017-12-31,41,52,61,33,58,48,36,38,43,59,48,55,64,45,32,33,27,46,48,55,26,46,0,0,13,62,60,38,74,34,93,28,70,89,27,46,38,0,0,0,0,80,79,0,65,60,57
2018-01-07,66,83,75,67,63,78,56,81,83,83,88,98,75,26,55,54,76,55,92,68,78,50,0,77,19,60,67,62,93,63,86,69,66,70,12,75,42,35,27,78,18,73,61,0,31,31,30
2018-01-14,78,90,75,84,68,84,64,86,85,86,95,95,75,30,99,69,88,66,100,70,87,58,0,0,24,58,78,70,86,70,88,89,69,71,12,80,46,0,0,0,35,75,62,0,23,34,28
2018-01-21,58,93,64,79,66,79,72,80,100,83,93,99,81,31,82,72,79,65,94,72,83,56,61,98,32,55,84,62,90,53,88,79,67,72,12,75,43,0,18,86,0,66,62,0,46,33,27
2018-01-28,28,96,69,78,70,67,67,75,91,86,93,100,85,33,94,62,79,64,93,72,100,56,0,0,66,63,95,75,89,92,83,73,72,72,12,78,44,0,0,50,0,71,67,0,43,35,27
2018-02-04,48,96,84,77,74,72,80,81,97,83,92,90,88,32,76,70,77,65,95,67,87,64,0,62,18,57,83,69,89,77,90,66,67,73,12,76,50,32,30,71,39,71,67,34,66,36,28
2018-02-11,49,92,69,80,70,71,65,72,83,86,91,94,70,35,58,68,80,73,100,66,81,65,55,41,18,100,77,67,92,60,90,63,77,72,14,81,49,0,0,38,0,87,73,0,47,35,27
2018-02-18,29,88,81,71,71,65,66,60,84,85,81,79,65,36,43,54,80,64,85,65,78,51,0,0,17,73,80,63,79,41,84,70,73,76,52,73,35,0,0,32,0,81,66,0,29,28,25
2018-02-25,59,94,78,85,79,77,65,59,93,90,90,89,68,39,71,69,82,67,99,100,92,54,0,0,20,57,100,63,81,59,100,71,73,73,100,80,42,0,0,68,50,79,73,0,34,31,28
2018-03-04,29,73,70,66,69,50,59,50,76,75,62,69,55,32,50,49,58,65,83,72,72,42,0,0,15,51,71,52,72,56,94,65,65,66,13,69,26,0,0,0,18,73,65,0,8,25,25
2018-03-11,52,93,69,100,71,74,71,78,89,94,93,91,100,43,59,64,86,72,97,77,91,48,44,100,25,56,85,71,88,48,91,75,72,75,13,88,40,0,21,35,19,82,81,41,17,31,28
2018-03-18,65,93,64,82,66,68,69,77,86,85,87,89,72,41,46,69,83,78,94,69,96,50,91,38,19,56,76,61,70,76,92,68,76,76,17,84,45,0,25,55,29,82,87,0,32,29,25
2018-03-25,46,77,63,78,67,68,59,63,70,93,100,90,65,34,87,75,78,67,94,67,86,50,0,74,22,60,81,63,77,53,91,63,100,74,19,82,42,84,21,91,63,100,98,0,26,27,29
2018-04-01,64,85,68,84,71,72,62,68,83,85,88,88,54,39,55,69,75,63,93,64,83,44,0,34,31,50,79,58,78,62,74,66,73,61,13,84,34,0,21,0,0,76,79,0,10,25,26
2018-04-08,88,85,42,83,66,74,63,76,94,81,81,82,76,50,52,65,69,56,96,61,96,68,27,70,100,77,70,71,79,82,77,64,76,56,12,85,88,0,100,81,26,92,100,0,76,100,100
2018-04-15,45,86,63,79,63,79,56,96,85,84,93,78,74,45,52,66,75,70,88,57,71,55,0,0,62,62,66,69,74,72,70,70,72,61,12,80,57,0,39,0,0,79,87,52,42,49,48
2018-04-22,84,87,61,79,63,68,65,76,95,85,90,83,73,56,67,69,75,68,95,65,89,50,0,94,28,54,74,77,73,53,67,66,69,60,12,80,52,0,0,0,25,74,75,0,44,37,38
2018-04-29,44,70,46,52,54,50,43,49,69,71,63,59,54,87,62,45,53,54,70,39,68,37,0,33,18,50,66,46,59,23,69,45,58,57,12,59,26,0,0,0,37,75,66,0,16,31,30
2018-05-06,56,73,70,72,56,64,64,85,84,75,72,69,47,100,57,100,61,57,83,53,83,54,100,27,24,56,67,60,58,59,68,59,62,63,15,66,37,0,0,0,30,73,65,0,23,30,31
2018-05-13,50,82,59,92,64,81,58,86,90,85,85,86,51,60,65,100,78,73,88,57,90,57,34,0,27,60,69,69,75,85,69,80,64,63,14,82,39,0,0,56,100,69,72,0,52,30,32
2018-05-20,72,82,54,77,63,78,65,79,74,81,79,74,63,48,84,78,76,67,82,63,89,54,50,73,23,48,72,58,72,64,65,63,62,66,11,74,40,0,0,0,0,70,64,0,58,29,32
2018-05-27,70,83,63,71,61,65,55,67,77,81,79,77,65,42,44,67,69,56,85,66,100,50,94,77,21,46,71,59,74,41,67,68,62,60,13,79,35,47,0,0,33,75,58,0,27,28,31
2018-06-03,62,72,62,70,65,69,56,83,79,79,82,90,75,40,38,65,75,60,90,63,96,47,0,43,18,42,70,47,77,47,64,61,63,59,13,80,41,0,0,0,0,70,56,0,32,26,29
2018-06-10,15,78,57,57,62,67,49,78,64,74,74,72,51,39,57,56,71,59,79,52,84,40,34,0,17,40,65,42,66,74,62,71,64,60,16,65,31,0,0,0,0,61,56,0,20,26,30
2018-06-17,46,69,63,47,66,73,53,50,60,80,81,68,62,33,47,55,78,60,82,60,84,43,0,0,13,42,63,55,77,37,60,53,61,57,84,73,42,0,17,0,16,67,54,0,21,31,30
2018-06-24,35,71,50,43,55,63,44,39,59,77,64,67,68,29,36,50,60,60,81,72,80,38,0,0,10,35,63,39,78,40,57,36,61,55,63,74,34,72,0,0,44,68,50,64,28,25,29
2018-07-01,48,100,60,38,61,53,46,37,59,83,67,61,49,28,20,41,58,58,80,59,75,35,0,0,11,38,60,39,68,36,59,34,60,57,15,81,39,0,55,0,24,69,52,0,25,27,28
2018-07-08,52,73,43,36,57,50,61,35,57,80,62,63,58,30,25,46,55,51,80,60,80,39,0,0,9,33,60,43,67,24,60,27,62,57,12,83,35,52,16,40,0,64,52,0,25,27,32
2018-07-15,36,68,63,38,60,58,69,33,52,85,62,67,54,29,0,46,54,45,76,56,67,40,0,80,15,38,71,43,80,28,64,36,63,62,12,81,38,0,0,0,17,63,52,24,33,27,28
2018-07-22,65,71,56,33,55,52,71,35,56,82,56,70,71,32,12,46,48,41,78,60,78,36,0,0,12,37,64,39,70,35,64,28,65,58,11,82,31,0,23,0,33,65,49,0,23,29,28
2018-07-29,77,77,73,32,61,60,78,23,58,82,55,63,49,43,9,44,48,47,76,59,71,37,0,0,18,36,65,41,74,17,65,26,59,56,10,77,32,100,16,0,14,64,48,0,28,31,28
2018-08-05,57,69,64,33,63,55,86,39,56,81,53,64,69,40,25,42,43,39,78,54,76,38,0,0,57,39,58,44,78,23,63,31,62,54,10,81,54,0,16,0,65,70,47,0,34,51,41
2018-08-12,59,63,63,30,62,61,88,38,61,87,57,61,65,32,31,46,48,35,83,57,86,41,0,0,46,40,57,41,77,11,60,35,59,56,11,82,47,0,26,0,21,63,48,100,28,66,50
2018-08-19,75,71,72,32,58,55,99,38,50,83,52,64,70,27,14,47,43,48,75,60,78,38,0,0,54,38,63,38,70,26,64,34,59,56,11,79,74,0,43,36,29,65,47,26,34,51,42
2018-08-26,71,73,90,35,64,59,99,33,56,83,61,61,69,27,39,42,45,42,75,58,81,37,0,0,34,42,63,41,77,28,61,36,67,58,11,78,100,0,14,29,27,71,52,0,40,47,39
2018-09-02,69,67,64,85,66,70,100,52,63,82,59,68,63,27,52,52,59,49,82,59,79,42,0,0,28,40,64,85,83,40,58,49,67,62,17,85,46,0,25,43,61,71,54,0,33,50,40
2018-09-09,74,71,70,93,69,79,75,60,66,82,64,76,72,24,35,57,67,66,80,57,68,42,0,0,29,48,66,100,82,51,58,52,63,63,12,87,51,0,57,0,0,74,54,0,24,60,42
2018-09-16,65,81,71,86,66,74,76,58,83,82,73,72,81,27,63,62,68,71,73,60,76,38,0,0,29,43,69,85,90,61,60,63,61,58,11,88,51,52,63,35,0,74,52,0,29,48,34
2018-09-23,100,90,75,87,71,78,72,56,81,85,69,80,77,26,58,65,72,69,72,61,78,48,0,0,25,45,79,81,84,59,64,74,59,61,12,89,45,0,30,0,20,70,54,0,27,46,31
2018-09-30,38,84,64,73,70,71,79,58,82,80,85,79,80,25,51,62,72,65,74,58,87,54,88,0,25,44,77,75,84,47,70,76,60,60,12,95,42,0,55,0,15,67,54,22,34,40,31
2018-10-07,55,87,80,80,74,78,66,67,80,86,81,81,66,26,52,61,73,57,77,59,82,52,0,29,29,44,79,85,86,66,65,83,63,62,13,94,40,32,0,44,74,80,55,39,50,37,30
2018-10-14,50,83,72,78,70,66,67,69,92,89,83,81,70,27,64,67,76,70,74,58,89,50,0,86,27,47,83,89,78,83,82,92,77,63,20,92,39,0,0,0,0,75,62,0,18,33,27
2018-10-21,98,89,67,77,69,81,72,64,92,92,81,81,90,27,61,67,78,68,69,65,89,49,0,0,35,48,88,82,85,67,74,84,69,63,12,90,46,0,54,0,56,68,56,0,24,31,28
2018-10-28,61,86,88,62,74,78,43,67,69,88,76,83,61,25,47,53,69,58,69,67,82,50,0,48,49,47,86,71,92,75,70,63,63,62,13,86,35,0,14,0,0,61,55,0,31,30,25
2018-11-04,73,83,86,69,70,89,65,64,87,85,70,76,64,27,41,59,77,69,71,56,85,53,0,0,37,56,73,94,88,66,72,71,59,59,12,88,30,0,44,0,0,60,49,0,50,32,26
2018-11-11,60,91,100,80,77,99,58,87,86,94,82,82,60,33,100,71,82,72,79,66,97,69,0,0,24,53,84,93,91,59,68,94,62,66,38,95,40,89,16,57,37,66,56,0,76,37,30
2018-11-18,63,90,65,84,85,82,67,88,86,91,86,83,66,29,74,66,86,72,74,69,87,77,0,0,23,51,91,83,86,67,72,82,61,69,18,94,31,0,20,0,49,65,53,74,44,34,27
2018-11-25,47,89,92,84,77,100,68,94,84,93,85,82,77,37,31,70,100,100,72,66,77,74,0,0,22,51,84,82,89,100,73,91,93,100,12,91,37,0,32,73,14,84,70,0,62,47,28
2018-12-02,61,95,70,87,92,98,71,93,87,94,89,78,58,31,62,70,81,84,71,67,95,70,0,0,22,50,89,81,82,77,73,89,68,69,12,93,34,0,66,82,17,70,61,0,55,33,26
2018-12-09,62,94,86,87,91,96,62,100,86,98,93,81,50,33,50,73,84,83,76,66,79,55,0,0,22,45,89,87,100,90,72,100,68,66,12,94,50,41,0,46,17,80,52,0,40,30,28
2018-12-16,69,94,71,97,100,88,65,91,88,100,92,79,83,30,0,72,83,79,70,72,83,79,80,0,21,48,85,80,87,80,74,95,64,61,13,91,45,0,0,0,0,76,52,62,81,36,28
2018-12-23,86,92,77,78,94,73,61,83,91,96,87,72,63,28,41,65,72,52,81,71,81,100,80,34,25,44,82,82,98,44,79,89,69,63,12,100,46,57,0,100,0,84,53,35,100,46,35
2018-12-30,53,63,52,31,60,55,40,36,68,67,57,50,50,23,27,28,42,47,45,44,53,56,54,0,11,57,72,40,74,56,78,29,70,62,12,57,27,0,47,34,0,82,50,0,47,34,27
2019-01-06,60,79,51,52,65,50,47,71,45,88,77,77,100,35,59,54,80,14,90,69,82,73,71,40,41,46,71,64,74,21,100,61,87,61,67,67,65,0,0,33,26,80,86,0,73,80,78
2019-01-13,56,95,64,78,69,61,58,79,43,90,87,94,82,41,75,74,97,17,100,78,93,70,52,34,62,42,92,73,85,15,96,85,87,64,76,75,85,0,28,31,42,83,87,0,59,68,70
2019-01-20,60,95,90,77,66,56,59,78,43,90,85,90,80,41,68,73,84,16,91,78,83,69,32,21,62,44,93,72,73,23,89,76,86,59,72,70,68,0,0,46,0,74,91,0,74,64,76
2019-01-27,60,96,70,71,73,52,55,87,44,91,83,95,79,42,95,66,83,19,94,85,88,70,65,0,55,47,90,71,94,20,99,71,89,61,78,70,98,0,0,34,0,81,97,0,45,70,77
2019-02-03,63,95,77,72,73,51,65,67,43,95,86,92,80,41,100,65,82,30,95,85,93,65,0,0,46,44,84,69,90,11,97,66,88,61,77,70,81,0,14,0,0,85,96,0,49,69,72
2019-02-10,66,93,79,75,78,57,58,62,45,95,87,87,73,43,82,62,84,22,97,83,85,57,0,18,86,43,80,70,90,18,96,74,85,61,79,74,79,0,0,0,0,81,91,0,52,69,76
2019-02-17,58,100,77,77,75,58,56,63,40,94,88,93,62,45,55,100,85,21,95,86,84,57,100,0,68,44,81,69,76,16,98,65,85,63,70,72,77,0,0,18,0,78,90,0,25,66,67
2019-02-24,29,96,64,79,80,59,65,67,47,97,85,93,70,49,87,81,92,24,95,89,94,65,0,0,61,47,91,72,74,17,98,73,87,64,70,78,84,0,39,100,0,84,90,0,47,63,69
2019-03-03,51,72,62,71,73,49,55,54,39,86,72,75,78,49,40,57,67,15,81,70,76,50,0,0,47,41,67,62,69,21,91,65,80,58,65,67,70,0,0,19,0,77,90,0,26,59,66
2019-03-10,30,88,69,90,75,52,58,81,45,98,90,88,73,61,65,71,87,22,94,75,76,53,0,0,72,45,73,79,74,20,88,84,88,68,68,80,69,0,0,0,29,80,89,0,32,66,73
2019-03-17,67,96,76,86,67,60,62,66,44,96,90,89,90,56,46,76,86,22,85,83,78,55,0,0,66,42,78,74,77,18,90,83,93,76,80,80,68,0,55,0,68,95,96,0,39,78,88
2019-03-24,60,96,83,71,69,60,52,75,42,100,80,88,77,48,58,78,80,17,88,76,76,56,0,27,58,38,74,71,83,21,95,73,88,76,94,76,93,0,0,0,0,79,89,0,45,68,75
2019-03-31,63,92,74,79,71,60,65,68,40,95,82,92,65,60,72,76,84,23,86,80,93,56,0,0,62,38,75,79,70,23,81,82,94,100,68,79,65,0,46,34,0,86,95,0,44,67,75
2019-04-07,57,92,53,79,73,58,59,77,42,94,84,93,70,61,65,73,79,23,99,79,80,53,47,71,54,40,69,77,72,17,79,69,83,62,66,75,81,0,40,0,0,77,85,0,39,61,71
2019-04-14,73,100,68,77,73,62,55,77,47,95,100,90,70,61,71,75,93,26,84,85,93,55,0,0,75,42,75,84,71,17,78,79,89,63,70,77,82,65,24,18,44,95,95,92,49,62,72
2019-04-21,63,87,67,74,64,53,50,68,42,90,82,76,70,66,33,71,100,24,85,77,81,62,70,17,65,46,73,71,78,16,77,80,100,67,63,65,76,100,0,0,72,86,100,0,26,65,75
2019-04-28,47,72,55,49,60,41,48,54,34,78,66,67,83,64,44,42,63,17,67,47,61,49,68,0,47,37,70,60,66,15,78,53,72,55,62,60,54,0,0,28,0,80,84,0,44,53,65
2019-05-05,87,83,52,51,65,42,46,62,40,85,68,67,73,74,30,49,62,17,71,53,64,43,0,32,39,41,66,64,53,10,74,58,85,59,77,62,54,0,18,34,0,92,92,0,31,57,63
2019-05-12,93,95,70,84,68,56,57,85,46,94,87,85,64,53,42,68,82,23,88,88,81,54,42,0,55,48,69,88,74,20,75,86,81,54,93,69,71,0,15,38,0,84,85,0,32,65,77
2019-05-19,64,89,68,74,69,58,59,85,45,95,83,86,78,44,55,70,87,31,86,86,77,55,0,0,100,100,69,78,74,17,76,89,86,57,100,74,83,0,41,33,0,98,88,0,41,61,71
2019-05-26,53,95,71,70,72,58,47,77,35,94,74,100,68,39,80,70,80,31,86,72,85,54,0,0,70,38,76,66,71,18,73,86,80,56,64,86,69,0,0,0,0,85,82,0,38,67,73
2019-06-02,81,98,72,60,69,53,48,69,34,89,70,89,69,32,61,61,75,20,83,86,87,68,0,62,47,41,74,65,79,21,72,66,77,64,69,74,83,0,32,64,44,83,80,0,59,76,78
2019-06-09,95,87,63,53,68,52,42,69,38,89,76,81,61,35,41,61,69,22,87,69,77,54,37,0,48,35,64,66,79,21,69,68,79,66,76,74,69,0,20,29,47,77,86,0,46,69,69
2019-06-16,48,84,67,51,66,56,45,55,36,91,74,85,66,34,37,55,71,23,83,80,92,55,0,34,46,36,65,56,73,15,70,64,79,54,65,75,75,0,36,0,83,86,87,0,58,70,76
2019-06-23,48,83,60,49,68,53,48,58,33,95,70,84,73,33,37,53,65,20,83,88,96,51,0,100,58,34,68,58,76,11,76,58,86,55,64,80,71,0,39,36,0,90,85,0,21,78,75
2019-06-30,83,81,57,43,75,62,52,35,29,92,64,74,92,30,27,55,63,23,83,86,90,48,0,20,49,39,75,49,78,8,74,33,85,54,66,75,86,0,29,20,23,90,88,0,25,68,74
2019-07-07,100,73,75,36,72,62,56,38,27,89,63,72,71,30,12,54,55,26,87,78,90,48,0,31,58,38,69,53,72,15,76,33,76,56,63,73,79,0,0,67,78,87,83,0,35,71,83
2019-07-14,42,80,74,39,70,52,65,32,28,95,54,73,82,28,19,47,56,28,85,86,91,46,0,32,40,34,67,48,68,11,70,39,75,53,60,77,67,0,51,0,100,82,84,0,48,66,77
2019-07-21,71,75,67,33,69,55,66,35,29,93,55,72,72,28,0,54,57,100,83,85,79,43,0,0,31,33,70,47,85,7,74,42,85,63,65,66,94,0,37,0,0,84,88,0,58,65,80
2019-07-28,31,77,80,34,79,46,78,30,29,89,58,72,71,29,31,52,58,17,83,93,100,49,48,0,59,34,75,44,77,9,81,36,80,60,64,76,92,0,0,0,0,85,87,0,45,84,86
2019-08-04,70,84,60,32,72,40,89,25,34,95,52,76,88,29,11,52,56,14,94,81,85,66,0,0,41,37,72,49,69,16,80,35,82,57,59,68,86,0,70,23,0,100,86,0,75,93,100
2019-08-11,39,83,65,30,70,50,99,28,33,96,59,72,82,27,16,52,57,15,95,82,85,64,0,21,40,37,68,55,90,8,76,37,80,58,64,78,94,0,100,66,0,79,81,0,68,85,89
2019-08-18,54,81,64,33,70,44,82,33,33,90,59,73,83,39,44,52,53,13,86,84,89,51,0,0,32,35,66,50,85,10,75,34,73,53,64,78,71,0,0,53,0,83,75,0,54,81,83
2019-08-25,56,79,63,33,67,48,77,29,28,87,58,70,73,27,17,54,55,17,84,77,82,50,0,36,30,39,65,44,80,17,73,35,73,52,62,73,82,0,29,0,0,81,76,0,40,76,78
2019-09-01,48,80,64,77,70,53,100,56,32,95,70,74,78,30,30,58,67,16,85,82,94,57,0,18,34,44,78,83,86,20,71,48,74,60,89,73,100,0,25,0,60,84,76,0,42,72,81
2019-09-08,46,85,72,90,68,53,76,61,40,91,68,80,94,29,60,64,74,19,86,82,88,52,0,20,46,46,71,100,81,14,71,61,77,60,76,100,72,0,21,32,0,89,77,48,40,73,76
2019-09-15,53,79,78,89,71,61,71,52,45,89,73,88,100,32,38,67,77,19,87,78,82,100,36,0,38,40,75,97,84,14,77,75,94,57,64,71,70,0,53,0,0,97,79,0,100,79,87
2019-09-22,65,85,67,80,67,49,55,54,44,86,73,90,76,30,55,64,80,18,84,85,80,64,0,0,53,45,73,90,76,19,74,73,75,58,65,77,76,0,52,43,0,76,79,0,58,81,80
2019-09-29,51,92,84,76,74,58,56,61,44,89,80,83,72,30,30,71,78,18,87,83,78,66,67,22,39,40,80,83,83,22,73,90,73,59,73,71,61,64,25,18,0,84,77,0,50,95,83
2019-10-06,40,93,70,78,74,57,66,64,43,88,83,88,85,34,52,69,74,21,86,77,75,54,37,22,46,40,77,89,84,23,77,86,77,64,91,73,64,0,0,27,0,78,82,0,38,74,74
2019-10-13,63,86,82,81,77,59,53,68,47,91,83,83,57,34,39,72,81,22,91,87,83,53,0,0,46,44,78,86,81,20,75,96,72,72,81,80,53,0,18,27,0,91,75,0,41,69,68
2019-10-20,67,94,85,77,74,63,55,60,43,88,84,83,78,34,34,71,81,22,85,89,83,53,0,19,42,41,86,80,78,100,77,92,72,57,67,69,76,0,25,49,0,84,77,0,30,63,66
2019-10-27,81,92,82,61,79,62,45,56,44,89,83,85,79,32,60,67,82,21,81,90,80,47,0,20,37,41,82,67,79,78,84,90,69,57,66,70,80,0,0,0,0,81,76,0,38,61,70
2019-11-03,59,88,76,100,78,60,60,68,47,91,81,82,84,32,25,60,80,20,87,82,86,48,0,0,41,42,75,75,90,36,76,86,66,56,67,66,50,89,24,0,0,72,74,100,18,61,67
2019-11-10,60,92,75,83,77,72,52,89,43,91,87,82,76,34,55,75,94,24,94,94,80,48,95,54,45,43,78,88,100,50,78,99,72,64,78,75,65,0,18,0,71,84,70,0,21,61,73
2019-11-17,59,89,84,81,85,87,60,87,48,94,84,84,97,38,54,69,94,24,86,98,86,52,0,34,43,44,89,82,93,36,81,93,71,64,80,73,59,0,20,20,49,82,74,0,32,57,66
2019-11-24,62,90,90,75,87,76,63,90,45,92,89,85,65,42,64,73,85,24,86,98,84,52,0,0,47,44,100,78,84,36,77,89,69,59,67,78,65,0,24,25,62,83,73,0,29,63,67
2019-12-01,53,90,99,77,84,75,59,79,52,95,83,83,77,96,84,68,93,22,87,94,82,58,83,0,56,41,96,93,88,22,75,94,70,58,67,75,61,0,20,0,47,86,79,0,49,65,67
2019-12-08,81,95,77,85,89,82,66,99,100,99,93,82,100,100,36,77,90,25,92,94,84,58,0,24,69,43,84,87,98,23,82,86,76,55,67,88,80,0,0,34,0,88,86,73,32,75,69
2019-12-15,80,97,100,84,93,100,67,100,77,96,96,81,86,86,53,76,94,21,83,99,92,54,0,17,79,45,86,89,92,26,83,100,76,56,69,85,81,0,0,31,0,83,86,0,35,78,75
2019-12-22,76,93,77,73,100,82,44,83,57,95,84,83,82,56,34,69,91,20,93,100,88,58,0,44,56,41,90,78,93,26,86,97,77,61,65,82,82,0,64,20,0,89,88,0,71,100,90
2019-12-29,69,58,61,29,70,46,33,38,42,72,55,62,81,47,9,28,49,11,62,59,53,53,0,0,24,55,70,44,81,15,84,32,68,57,87,55,30,99,27,17,0,89,85,0,41,70,65
2020-01-05,33,83,71,47,61,50,52,57,47,93,76,17,81,100,8,5,74,63,69,70,50,13,0,0,66,18,60,59,84,48,100,48,45,86,61,72,21,0,16,25,40,70,62,0,13,16,18
2020-01-12,30,91,86,73,69,60,66,79,78,98,100,100,77,61,17,100,100,96,85,88,66,10,0,0,48,9,71,98,90,76,83,76,40,81,57,82,25,0,34,63,57,64,55,0,8,16,21
2020-01-19,26,97,86,77,66,59,71,63,57,100,99,46,78,60,23,30,94,85,80,91,69,10,6,0,47,8,79,88,88,80,83,81,38,81,57,85,21,0,0,30,35,64,51,28,10,14,17
2020-01-26,17,100,68,73,68,52,57,61,50,96,89,30,72,58,27,11,87,84,76,84,58,12,25,0,53,8,93,82,89,69,84,73,43,79,59,82,20,0,10,27,0,63,54,0,15,17,19
2020-02-02,19,98,73,72,73,54,59,63,50,95,87,25,78,59,19,10,91,82,78,89,65,14,13,0,53,8,100,86,100,62,87,71,44,80,59,78,29,32,18,37,0,66,54,12,16,18,22
2020-02-09,19,95,69,74,77,53,68,65,39,96,88,24,81,61,28,10,84,84,85,91,70,13,9,1,54,7,70,78,87,55,84,68,39,80,59,78,36,22,24,0,32,62,49,0,10,15,19
2020-02-16,25,93,69,80,74,55,71,63,43,98,85,24,82,73,22,9,87,80,80,96,72,11,8,1,50,8,73,85,90,51,89,62,41,80,56,80,27,100,22,33,0,70,50,0,11,14,18
2020-02-23,27,90,85,80,74,56,67,52,50,97,87,22,77,78,24,9,84,83,80,85,56,15,26,4,50,7,80,84,88,50,85,67,45,81,62,74,33,0,7,53,0,65,49,24,16,18,24
2020-03-01,38,85,72,82,78,54,60,60,47,89,78,21,92,72,27,9,79,76,80,87,60,18,30,8,46,7,78,81,79,58,75,67,43,77,60,100,29,0,31,62,37,67,56,10,29,22,30
2020-03-08,100,83,87,97,80,66,57,77,100,94,76,20,96,63,29,10,74,64,86,100,100,78,53,31,49,9,50,86,80,56,76,74,53,88,70,94,100,0,100,82,67,70,61,0,93,92,100
2020-03-15,80,80,100,90,80,61,49,90,95,95,74,20,100,62,49,15,89,69,85,99,97,80,100,80,65,9,54,75,79,62,87,81,86,97,74,85,73,0,80,100,37,76,75,0,100,100,70
2020-03-22,65,81,92,69,71,62,51,76,86,93,92,22,100,54,73,22,86,66,84,82,88,55,94,100,77,11,61,87,78,71,90,82,85,100,63,81,51,34,63,61,0,94,100,0,85,59,42
2020-03-29,35,71,75,72,63,72,51,67,83,87,73,21,75,57,100,44,96,62,84,55,79,66,100,94,92,14,62,68,65,50,93,64,100,97,58,80,49,0,67,30,0,100,99,0,95,42,31
2020-04-05,45,86,96,100,68,73,55,81,85,86,92,23,64,73,84,39,97,75,93,59,61,51,64,87,76,14,59,90,69,60,95,91,82,94,57,69,62,25,51,60,20,97,86,0,70,39,27
2020-04-12,44,87,86,90,64,68,57,69,75,79,90,21,81,69,92,29,84,78,88,58,69,37,52,77,57,14,55,85,65,100,89,85,72,85,56,72,43,0,22,26,0,85,71,0,63,33,21
2020-04-19,68,84,84,87,66,74,49,81,70,77,98,19,68,71,88,26,86,79,82,65,75,100,40,70,41,12,65,85,62,66,87,89,64,85,57,69,41,0,37,43,0,83,70,0,100,35,24
2020-04-26,62,75,74,72,62,66,54,68,56,74,83,16,58,63,63,25,77,67,77,52,58,31,31,68,43,11,62,84,64,74,91,67,59,82,51,66,29,0,27,0,50,75,60,0,44,24,17
2020-05-03,66,76,79,56,65,52,45,58,47,72,70,16,59,84,54,20,70,68,74,50,52,25,24,64,36,10,59,87,67,52,84,72,54,83,79,64,22,60,32,26,0,71,54,0,37,23,17
2020-05-10,58,82,76,67,63,57,56,79,51,75,94,20,60,60,54,26,86,78,93,57,57,22,20,65,54,10,55,89,69,65,78,71,54,79,57,66,24,32,17,31,0,69,54,0,26,19,15
2020-05-17,52,86,81,68,68,64,57,62,46,78,98,19,62,50,59,20,85,84,90,71,71,23,16,58,48,9,64,90,65,49,83,68,49,83,53,73,20,0,22,38,0,64,52,0,30,23,17
2020-05-24,37,81,80,49,67,63,55,58,42,79,79,19,61,42,42,18,73,57,82,64,57,19,13,56,45,9,61,65,60,64,78,66,49,76,50,71,24,0,13,31,26,62,48,0,24,20,16
2020-05-31,57,78,79,47,71,64,47,46,37,75,91,18,68,37,43,15,74,54,100,68,63,23,11,51,35,15,65,55,63,55,76,61,45,79,49,79,23,32,27,29,35,58,47,0,29,25,20
2020-06-07,30,69,77,40,64,57,46,48,32,71,71,16,54,32,37,13,65,50,81,56,51,19,10,50,44,9,50,47,57,44,66,52,45,74,51,70,14,0,45,22,0,59,48,0,27,20,16
2020-06-14,38,78,60,38,65,54,46,46,31,78,72,16,52,30,44,13,69,59,86,72,59,17,10,53,52,8,55,49,67,52,67,65,47,79,50,79,20,0,17,31,0,59,45,0,29,19,14
2020-06-21,27,74,69,41,63,56,39,43,34,76,70,18,46,37,28,11,66,47,88,67,52,15,10,58,33,7,56,48,67,36,66,61,46,81,49,76,22,0,14,39,23,64,43,18,23,18,15
2020-06-28,37,70,67,36,66,52,44,36,30,78,70,16,52,27,31,11,65,52,90,67,57,14,8,61,42,7,58,52,74,28,68,48,47,74,47,79,25,0,12,24,0,64,49,0,18,19,16
2020-07-05,42,74,62,33,66,56,52,34,29,79,67,16,51,31,30,10,62,51,88,72,62,13,8,63,45,7,50,48,62,29,66,39,47,76,45,78,21,24,27,43,30,58,43,0,19,20,16
2020-07-12,37,67,66,36,69,52,56,50,30,81,66,17,59,35,28,10,64,58,84,78,60,12,7,66,47,6,51,47,63,60,68,46,49,76,46,83,29,0,0,33,32,61,42,0,12,19,17
2020-07-19,40,67,60,30,67,59,57,37,29,80,70,17,68,29,43,9,63,56,84,82,58,11,6,62,54,7,58,49,68,21,70,40,45,72,44,79,22,0,14,16,0,58,41,0,11,20,18
2020-07-26,35,77,63,34,64,62,64,42,30,82,68,16,68,29,38,9,58,45,81,72,55,11,6,63,35,7,54,49,78,40,65,46,44,71,42,82,24,0,32,36,0,49,41,100,14,22,27
2020-08-02,40,63,59,35,66,57,77,35,31,77,65,16,69,28,31,8,53,47,87,72,59,12,5,59,43,6,54,44,69,58,66,35,44,72,45,81,22,0,17,17,0,58,45,26,14,23,27
2020-08-09,34,65,72,33,61,48,88,33,28,73,69,16,41,28,29,8,56,54,86,68,58,10,5,54,82,6,50,41,72,28,66,32,50,71,43,83,20,0,31,21,0,66,53,31,11,18,20
2020-08-16,35,72,68,40,67,58,91,32,26,77,60,15,59,27,27,10,50,47,82,76,51,9,5,54,46,5,51,44,66,36,63,40,49,72,45,83,23,0,17,33,0,67,52,0,10,19,21
2020-08-23,31,64,67,39,68,53,93,42,27,78,57,15,72,28,38,8,48,50,82,68,54,10,5,50,55,5,58,46,74,41,64,38,46,74,46,85,21,21,26,0,0,64,49,0,16,24,26
2020-08-30,43,64,61,66,67,58,100,45,27,74,64,16,52,31,21,8,60,62,77,67,57,9,4,49,54,6,64,74,69,52,60,47,42,83,71,80,24,0,11,0,0,62,49,20,8,21,22
2020-09-06,44,64,71,89,67,62,78,52,36,77,69,17,54,30,44,8,68,66,86,72,53,13,5,52,53,7,57,99,68,56,61,62,40,84,66,80,22,0,15,0,30,65,49,15,18,22,26
2020-09-13,38,72,66,84,66,56,72,55,38,74,73,21,59,34,38,10,69,68,80,68,57,11,5,53,59,6,57,98,69,52,60,71,40,70,44,77,21,0,11,0,0,57,45,0,11,20,20
2020-09-20,43,72,68,75,69,68,67,50,35,75,74,20,56,35,38,10,72,70,88,76,53,11,5,52,61,7,61,97,76,49,61,78,40,71,45,100,22,0,19,0,27,62,48,0,14,22,23
2020-09-27,40,75,61,73,69,74,63,54,38,72,77,17,57,86,57,10,69,79,85,68,58,13,6,55,72,7,69,90,72,55,67,83,49,76,47,91,34,0,11,26,0,64,56,0,16,28,30
2020-10-04,38,72,75,75,74,79,64,55,40,74,81,18,51,67,69,11,71,80,82,65,51,11,7,59,61,6,61,91,72,74,74,86,48,91,85,89,22,0,12,28,0,62,59,46,12,22,23
2020-10-11,37,75,66,69,74,81,57,55,42,76,82,21,72,61,59,11,69,84,84,75,50,10,8,58,89,7,58,90,65,64,76,91,48,88,80,90,24,0,0,37,0,65,58,0,13,21,18
2020-10-18,32,82,72,69,75,100,52,66,41,78,86,18,71,59,64,11,74,81,79,70,55,10,7,60,60,8,65,75,60,56,69,83,46,76,49,95,25,21,0,29,0,65,53,0,9,19,19
2020-10-25,32,84,72,68,73,70,57,59,35,77,85,19,64,45,47,10,72,77,73,66,53,13,7,70,50,8,78,82,72,41,72,79,50,79,52,88,21,0,25,27,0,60,58,13,14,22,19
2020-11-01,40,67,71,46,70,67,55,53,31,70,71,17,39,37,54,9,67,69,71,58,44,12,6,61,48,100,75,67,70,32,69,62,44,70,43,76,25,0,23,12,100,67,58,0,16,32,22
2020-11-08,53,85,72,66,80,75,78,63,35,76,81,18,66,49,56,11,75,90,82,69,57,14,6,68,68,25,68,73,76,55,73,90,49,89,87,87,29,0,25,21,29,67,58,15,16,28,22
2020-11-15,47,86,75,71,85,77,68,73,43,80,86,18,75,42,53,11,76,89,78,72,64,11,5,75,62,10,80,78,72,47,74,97,43,92,100,86,18,0,34,30,0,66,51,21,13,22,18
2020-11-22,31,91,86,67,86,82,80,75,38,81,88,17,62,41,56,9,74,92,75,76,60,13,5,65,51,9,80,79,69,56,74,93,39,81,47,87,26,0,16,37,0,62,44,0,16,21,16
2020-11-29,35,85,93,72,86,89,69,70,42,79,89,19,71,41,51,10,79,93,76,70,57,13,4,65,45,7,93,82,73,46,74,94,39,84,47,85,22,0,11,30,32,61,42,0,8,21,20
2020-12-06,37,90,90,77,94,78,77,100,44,78,95,18,66,41,44,11,86,94,80,77,59,14,4,68,65,8,83,95,71,50,73,98,39,81,52,90,22,0,0,19,40,61,42,14,13,23,20
2020-12-13,29,94,91,78,100,78,66,86,38,77,95,18,76,41,38,11,82,100,81,81,54,13,4,72,78,9,74,81,68,66,79,89,39,78,57,86,21,0,26,39,80,59,46,0,16,24,20
2020-12-20,50,94,92,81,100,82,71,79,38,80,92,19,67,37,39,13,84,93,87,89,60,14,4,75,100,9,82,100,77,56,85,100,41,81,54,91,26,0,23,38,0,66,48,0,16,26,21
2020-12-27,32,63,69,32,78,60,49,47,30,72,66,14,60,30,22,6,52,48,72,60,49,8,3,78,40,7,68,45,62,42,76,41,37,74,76,84,14,0,0,0,0,56,44,13,8,19,17
2021-01-03,49,27,85,44,87,62,43,38,68,82,64,69,100,48,22,36,56,38,64,54,50,77,76,71,18,100,77,36,77,44,93,46,82,42,21,52,42,0,32,43,16,84,80,0,63,80,83
2021-01-10,94,38,79,76,90,69,64,58,75,100,82,85,84,53,35,86,89,72,99,79,71,85,91,72,35,76,98,72,81,89,93,79,86,43,20,65,57,0,59,0,71,85,84,35,59,88,81
2021-01-17,77,39,97,80,88,67,57,55,82,92,87,85,68,57,23,88,100,67,97,96,79,79,71,68,59,80,97,80,83,54,94,88,95,45,21,68,49,0,36,24,0,86,87,29,61,81,82
2021-01-24,38,38,99,81,91,69,63,53,84,96,80,81,78,51,23,82,95,64,92,82,77,73,68,63,55,70,90,70,85,52,90,88,87,44,20,74,41,0,24,59,45,79,79,27,64,89,84
2021-01-31,93,36,99,75,94,85,72,56,84,97,84,84,88,57,28,78,93,64,89,82,81,80,57,60,100,66,100,72,92,73,87,71,89,43,19,74,54,0,18,18,0,92,87,30,78,91,88
2021-02-07,67,36,98,80,95,93,62,51,79,94,86,83,75,54,31,75,85,57,92,70,71,90,54,56,52,62,83,77,83,88,90,73,83,47,20,75,62,0,14,16,0,79,78,17,71,86,77
2021-02-14,65,42,94,92,100,100,70,55,100,97,81,86,93,64,25,75,91,69,100,90,88,93,54,51,72,66,82,74,88,86,95,71,85,44,20,100,43,44,25,45,0,76,80,36,67,79,87
2021-02-21,74,37,93,78,92,88,62,45,79,95,76,73,90,58,27,62,81,58,83,77,61,92,50,56,85,65,83,66,92,95,96,82,79,43,19,73,43,0,14,14,0,76,72,0,100,73,71
2021-02-28,74,38,87,84,95,90,62,63,79,95,82,80,79,67,31,72,82,60,96,77,79,100,56,61,83,63,79,78,78,78,87,83,81,44,19,74,56,0,28,38,31,84,75,29,87,81,76
2021-03-07,60,36,92,90,88,88,50,60,81,94,76,68,60,69,26,65,79,59,89,69,73,90,54,62,45,64,70,72,73,66,84,78,81,45,18,75,43,0,32,34,0,78,77,37,53,70,81
2021-03-14,68,39,100,100,87,82,60,65,89,96,80,81,82,76,27,77,89,67,93,73,67,89,61,64,48,68,75,84,73,90,84,82,80,47,19,75,64,0,31,10,33,81,74,31,90,74,88
2021-03-21,62,35,89,67,85,86,51,54,81,96,82,76,64,60,23,69,84,53,89,83,69,92,62,68,49,62,73,60,75,77,93,77,85,53,22,81,68,0,34,25,0,88,81,19,89,92,88
2021-03-28,100,41,92,90,86,93,57,61,85,98,86,88,86,74,38,79,91,56,94,70,69,94,73,70,48,67,82,71,82,54,89,82,88,59,26,72,57,0,37,47,71,87,85,41,73,85,86
2021-04-04,62,38,79,89,88,86,62,56,86,94,82,81,82,93,35,77,88,86,93,67,71,84,69,70,39,67,67,79,77,63,92,78,86,50,19,77,58,0,0,40,0,85,85,53,96,97,100
2021-04-11,90,39,88,80,83,85,56,61,92,92,79,88,78,100,32,80,87,98,95,73,71,80,66,69,99,71,69,81,75,63,84,88,87,47,18,73,65,0,41,0,100,92,88,40,74,97,93
2021-04-18,88,38,77,86,79,86,55,58,94,96,100,100,79,93,39,82,88,78,90,80,67,72,57,75,52,67,67,82,79,81,81,88,90,43,19,75,63,36,20,18,25,100,100,100,64,81,85
2021-04-25,100,36,69,69,77,85,53,57,79,87,83,83,77,83,30,82,84,66,97,73,65,62,57,76,41,68,82,72,66,66,81,83,83,42,18,73,81,21,85,34,44,84,86,19,57,75,75
2021-05-02,76,28,67,50,77,81,48,41,69,80,64,67,66,68,24,40,56,52,71,52,55,61,46,69,29,60,66,58,69,45,81,63,78,40,18,65,33,0,18,44,0,74,79,39,55,68,64
2021-05-09,81,30,73,72,74,86,55,71,78,84,70,70,67,96,26,67,76,61,85,59,67,62,44,68,33,61,58,74,70,69,100,73,100,39,20,69,42,0,45,28,37,73,87,0,69,69,71
2021-05-16,71,31,68,92,76,85,52,71,78,92,81,76,79,69,27,77,83,69,87,77,65,63,42,63,39,58,61,84,74,64,79,80,81,43,18,68,56,0,37,12,0,79,79,0,44,72,75
2021-05-23,95,31,71,58,76,95,53,45,74,90,72,73,69,52,18,70,77,49,87,74,66,65,41,60,48,53,62,55,60,50,79,72,80,44,21,71,50,39,0,0,30,84,84,40,50,68,63
2021-05-30,85,35,80,56,80,85,55,56,69,88,71,74,88,44,22,64,79,55,94,73,74,61,42,63,43,48,71,55,68,65,78,77,79,43,29,71,100,54,45,25,49,80,78,48,62,69,73
2021-06-06,64,31,74,59,75,83,43,61,73,92,75,77,78,42,37,64,82,49,94,78,74,58,51,57,36,48,57,59,73,85,74,80,73,44,22,71,70,0,19,29,41,79,77,34,64,75,78
2021-06-13,52,38,68,53,74,69,52,55,67,84,67,72,67,41,59,69,73,53,82,75,61,59,74,52,33,44,56,46,69,73,75,87,80,68,100,68,54,100,21,42,46,87,84,58,59,75,83
2021-06-20,43,46,56,51,68,65,43,37,62,82,61,67,56,43,52,67,67,44,85,70,61,57,97,62,60,42,59,44,68,51,76,68,81,54,54,77,46,38,20,11,0,87,85,22,44,70,84
2021-06-27,56,52,68,39,72,69,47,43,56,89,68,65,58,40,47,59,67,41,87,70,64,54,85,59,32,44,64,42,74,26,74,42,85,100,74,94,40,0,28,31,0,86,82,27,38,65,81
2021-07-04,43,79,67,38,72,67,45,37,52,87,63,63,64,59,38,53,66,40,88,68,69,65,84,60,27,46,58,36,64,37,73,46,86,47,18,77,50,21,0,10,22,88,86,85,70,72,79
2021-07-11,38,71,59,39,76,68,54,33,57,87,61,64,64,46,31,59,61,58,89,70,64,62,78,69,20,45,53,38,69,46,75,42,82,39,25,77,58,0,0,0,30,87,79,0,35,65,77
2021-07-18,62,81,72,43,76,71,67,36,60,89,57,67,82,41,38,53,55,56,91,80,67,62,70,75,19,45,53,47,71,48,76,44,83,40,24,70,54,0,33,36,19,75,84,51,52,65,82
2021-07-25,61,71,68,37,71,68,61,38,61,89,58,66,89,40,36,48,53,46,81,69,58,59,64,70,23,51,55,35,63,38,72,41,86,41,17,70,50,0,0,26,0,79,89,43,44,65,83
2021-08-01,63,64,74,36,71,65,90,36,51,90,64,59,75,36,32,49,53,40,85,71,64,56,65,77,21,51,66,43,71,57,79,41,84,43,16,71,59,0,0,21,33,93,86,14,57,61,79
2021-08-08,46,84,78,37,75,65,93,34,55,95,61,67,69,49,25,44,50,47,85,70,70,73,62,72,36,43,55,39,66,69,79,39,79,38,16,75,41,0,16,19,0,79,80,64,44,60,77
2021-08-15,37,78,72,34,74,60,92,40,55,92,59,62,78,47,28,53,49,48,85,78,80,63,51,72,25,49,55,33,66,42,82,40,85,38,17,75,53,0,62,43,0,81,86,28,91,60,73
2021-08-22,50,86,72,34,70,63,100,35,53,88,55,58,70,40,24,43,45,46,79,73,68,56,46,70,21,45,53,38,72,27,78,45,70,38,16,74,44,0,0,42,0,69,75,35,48,55,72
2021-08-29,49,100,67,59,71,68,99,42,58,83,58,69,76,43,25,47,53,44,87,81,60,58,41,68,20,51,62,58,62,38,69,52,71,50,17,79,39,0,16,29,24,75,80,0,37,60,89
2021-09-05,53,88,74,88,71,65,69,42,73,86,73,68,69,42,28,58,65,60,84,86,65,54,45,58,26,50,59,100,67,41,66,65,69,44,22,79,41,0,0,20,0,78,78,0,28,56,74
2021-09-12,65,97,67,85,74,69,61,53,64,84,62,64,61,40,32,60,69,59,85,84,59,58,42,55,25,43,65,93,68,70,70,62,69,36,18,71,53,0,0,33,26,73,73,35,43,57,74
2021-09-19,46,48,77,86,73,67,61,52,71,83,75,69,62,45,27,64,77,69,81,88,65,59,45,49,35,50,68,98,75,60,79,74,77,41,16,71,54,0,0,45,0,81,91,35,31,57,70
2021-09-26,63,32,82,82,73,65,67,48,84,80,69,73,73,41,39,70,75,61,81,88,100,66,49,47,32,49,73,91,72,69,71,89,70,36,19,74,56,0,18,21,40,81,78,17,58,54,77
2021-10-03,67,34,89,70,88,67,64,48,86,82,77,72,68,41,52,68,74,60,85,100,74,75,63,45,30,50,75,83,70,56,72,89,75,45,21,75,44,0,36,34,0,75,85,36,63,56,81
2021-10-10,95,46,75,94,78,75,54,71,91,84,73,73,82,40,69,74,69,70,83,89,73,80,72,44,25,51,67,84,59,94,76,94,76,46,20,73,46,0,39,47,24,78,83,31,53,61,78
2021-10-17,97,40,72,92,76,68,62,58,87,82,68,72,82,45,100,100,81,69,84,93,63,75,100,44,24,54,71,90,70,51,75,90,85,42,18,83,41,46,0,14,0,85,87,36,55,65,82
2021-10-24,68,35,85,74,75,68,49,69,81,77,70,71,84,48,85,94,77,68,85,83,71,70,85,41,24,60,71,80,72,73,75,86,79,43,18,90,47,0,0,21,0,74,88,44,53,72,78
2021-10-31,46,29,80,55,76,76,49,62,71,78,66,61,82,44,81,65,72,62,69,64,57,63,79,42,23,54,72,71,75,72,83,76,83,43,18,85,41,0,0,23,19,90,84,25,75,70,75
2021-11-07,54,40,93,76,81,84,63,80,90,83,75,70,89,46,70,80,82,76,84,83,64,63,66,43,38,59,70,81,72,62,80,82,77,45,22,81,54,0,0,42,0,74,81,34,59,68,77
2021-11-14,67,45,78,82,84,74,71,88,95,82,74,72,80,52,59,73,87,100,80,81,75,75,56,47,37,58,71,90,75,71,85,87,80,47,24,79,80,0,0,40,0,87,86,33,45,76,77
2021-11-21,92,41,74,74,86,74,74,70,86,84,79,71,77,52,44,71,85,97,81,88,66,89,46,51,34,62,70,72,74,82,80,100,79,45,20,85,64,0,24,72,25,86,87,53,80,100,93
2021-11-28,68,43,77,70,84,71,65,85,99,84,79,67,68,53,35,65,84,87,79,82,71,98,47,56,37,52,67,82,81,78,82,81,84,43,20,76,64,0,18,41,45,86,83,41,56,92,80
2021-12-05,62,44,90,91,87,74,65,97,98,86,85,68,86,53,29,72,86,96,83,83,60,88,42,52,45,57,67,92,91,91,86,97,76,43,19,80,58,0,57,75,62,80,91,58,55,84,79
2021-12-12,71,43,84,89,94,67,64,88,86,91,83,70,80,56,24,86,89,98,86,91,67,82,37,74,40,61,67,87,88,83,82,95,74,43,19,86,67,0,84,100,85,85,85,82,65,77,74
2021-12-19,58,48,89,93,93,70,64,100,98,93,84,72,77,69,18,81,93,77,90,100,72,77,34,87,39,61,82,94,100,100,86,96,80,44,17,85,74,0,100,36,36,84,92,55,69,89,77
2021-12-26,75,30,74,47,76,59,49,60,73,73,65,55,60,47,22,53,54,51,81,71,56,63,34,100,22,49,61,58,81,51,79,69,69,40,15,74,60,0,0,43,39,84,81,33,49,71,65
2022-01-02,8,43,47,25,51,56,52,23,36,77,67,57,42,9,19,43,48,51,30,38,34,28,43,100,1,35,60,15,49,71,22,46,23,22,20,28,6,20,2,5,20,31,18,0,37,8,12
2022-01-09,8,54,61,41,55,72,73,41,43,94,86,89,55,11,41,68,83,76,44,55,52,33,55,89,2,46,57,21,62,83,21,71,21,24,22,36,10,12,3,14,24,32,16,31,36,10,16
2022-01-16,9,61,67,54,61,69,75,30,49,94,97,77,45,13,62,67,89,73,45,60,49,41,75,92,2,43,55,26,60,66,21,81,19,23,22,35,15,48,7,25,55,29,15,39,41,11,14
2022-01-23,10,62,73,52,58,71,75,33,48,97,90,83,51,17,100,70,84,74,39,65,60,42,99,62,2,50,68,28,68,81,23,79,21,26,23,37,14,14,10,21,28,32,17,58,35,17,20
2022-01-30,8,66,66,48,61,70,72,34,43,98,93,100,47,14,88,75,87,72,44,59,59,36,100,45,2,47,76,26,74,64,25,70,19,27,26,40,11,33,0,14,23,30,17,66,39,13,16
2022-02-06,8,61,54,55,59,70,70,31,47,96,93,77,55,15,53,68,90,92,41,59,54,41,71,40,2,50,64,25,72,91,24,72,21,27,25,37,12,13,4,16,7,34,17,15,46,12,14
2022-02-13,9,62,69,70,61,69,85,32,51,100,92,77,44,32,37,65,90,87,39,57,52,45,46,34,3,55,69,30,71,73,24,99,31,37,28,39,9,26,9,19,13,41,25,45,46,13,15
2022-02-20,78,100,100,70,100,94,78,38,52,90,84,68,48,100,22,77,85,82,63,100,95,71,33,30,94,76,69,28,70,74,64,78,100,100,34,59,43,18,100,100,93,69,82,100,57,75,82
2022-02-27,100,81,85,100,82,92,63,85,100,92,85,79,93,80,19,100,89,84,100,96,100,77,32,28,100,81,79,100,100,99,100,100,94,88,36,100,100,16,78,26,40,100,100,94,100,100,100
2022-03-06,70,77,60,80,50,74,56,100,75,75,89,68,100,47,15,75,75,78,65,61,86,100,20,26,56,79,86,61,71,61,53,86,55,48,41,63,52,46,18,10,23,78,60,46,89,70,67
2022-03-13,34,96,65,92,44,67,69,73,68,81,98,79,68,43,23,92,100,97,54,52,77,72,25,26,29,87,69,53,75,79,45,99,51,43,46,52,44,36,6,5,24,76,52,42,61,49,43
2022-03-20,78,71,82,70,45,83,69,41,60,76,91,72,61,37,11,87,91,82,50,67,77,68,18,25,20,62,92,42,61,100,46,78,48,39,44,46,44,27,14,30,11,70,53,51,22,47,40
2022-03-27,86,71,74,65,48,79,64,41,50,75,100,71,42,33,15,83,94,80,50,66,97,59,18,24,16,61,100,39,69,79,37,91,40,37,50,44,44,32,19,23,100,66,50,58,43,62,46
2022-04-03,67,73,60,69,42,69,67,39,54,75,89,70,36,35,16,74,89,87,47,57,73,53,15,22,21,56,76,36,56,89,34,81,39,33,44,45,40,35,12,16,41,56,60,46,43,50,35
2022-04-10,36,68,63,71,38,60,66,42,53,77,85,66,39,33,13,74,95,78,55,48,72,47,17,22,13,56,67,32,54,87,40,81,40,32,42,44,30,0,9,18,34,53,49,38,27,35,28
2022-04-17,25,66,52,66,36,56,67,37,46,74,93,68,30,30,13,72,85,89,53,51,63,39,13,20,10,56,65,30,54,79,34,88,36,31,39,46,24,0,7,25,16,48,42,44,17,25,22
2022-04-24,28,61,56,56,37,100,63,36,42,72,89,64,30,28,9,57,81,74,55,56,65,39,12,18,8,56,74,31,54,55,28,71,33,30,38,42,23,8,6,23,25,47,40,31,22,25,28
2022-05-01,30,57,52,44,32,47,54,30,40,70,81,51,37,25,11,51,73,75,55,44,49,36,12,18,8,48,60,24,54,57,26,61,30,28,39,41,25,0,8,11,21,42,37,31,23,31,31
2022-05-08,16,59,47,56,33,44,62,34,41,70,80,57,49,27,13,58,80,80,53,40,49,35,11,18,8,50,61,29,52,45,24,68,30,30,40,41,17,0,5,9,10,43,39,26,21,28,28
2022-05-15,32,60,49,66,36,57,67,36,45,79,88,65,56,20,10,69,84,84,58,49,62,37,12,19,6,48,63,29,52,62,26,77,28,29,38,49,23,19,6,14,23,37,35,40,24,31,35
2022-05-22,32,60,49,57,36,56,66,36,41,77,78,67,55,18,10,60,77,89,61,67,77,36,8,17,6,49,64,25,54,61,25,81,27,26,37,49,33,13,7,20,10,33,33,43,23,39,38
2022-05-29,23,55,50,40,33,53,57,29,40,78,74,60,47,17,6,56,67,60,60,52,76,40,11,17,7,43,56,25,54,45,23,65,25,29,41,47,20,0,6,14,35,32,30,39,36,28,30
2022-06-05,17,52,44,42,34,45,55,36,34,76,69,62,59,16,8,59,65,73,65,45,53,35,10,18,6,41,49,26,56,68,21,79,25,34,50,49,26,0,3,11,0,30,29,12,27,23,25
2022-06-12,16,51,42,33,33,44,52,27,34,76,59,56,62,14,5,45,62,62,64,47,58,34,7,18,5,39,50,23,53,36,22,58,23,26,41,46,14,0,4,7,7,30,29,25,34,22,25
2022-06-19,20,51,45,39,35,45,53,27,35,81,63,67,63,17,7,50,69,77,63,55,59,36,8,20,5,41,58,19,51,47,23,55,26,25,37,46,18,0,3,9,0,33,30,32,31,25,26
2022-06-26,25,56,55,29,37,41,52,20,28,78,54,54,50,14,4,41,61,57,66,72,81,33,9,22,5,42,63,17,50,50,22,45,26,24,33,47,19,8,7,10,23,34,33,17,30,25,25
2022-07-03,22,54,44,25,35,41,47,21,28,79,56,57,52,13,8,48,62,56,63,55,65,40,13,22,4,41,56,14,51,32,23,40,25,23,34,43,17,0,5,9,21,33,31,10,36,31,31
2022-07-10,22,46,42,24,34,41,53,26,30,76,58,55,47,14,8,46,65,51,65,46,55,39,14,23,4,39,51,12,48,30,22,41,23,23,32,37,17,0,1,16,10,34,31,32,35,25,38
2022-07-17,14,53,56,23,30,37,65,21,31,79,54,61,40,14,8,40,65,53,67,49,57,38,19,21,4,39,60,12,52,30,21,39,24,22,35,35,17,0,0,17,50,31,30,31,33,24,29
2022-07-24,15,52,48,22,31,38,59,19,29,76,53,61,36,14,10,40,57,53,61,47,56,33,16,18,4,39,64,14,57,29,21,41,24,23,34,36,14,0,2,11,6,29,35,24,23,21,25
2022-07-31,12,44,45,25,35,39,78,18,32,76,54,62,41,17,6,38,50,45,62,40,54,31,13,16,4,45,59,14,61,33,22,33,26,22,36,37,14,0,0,8,0,35,32,20,27,20,24
2022-08-07,11,48,39,23,32,36,82,20,28,76,54,60,43,13,14,47,46,46,64,44,48,30,23,14,3,37,50,14,57,39,20,30,24,21,36,38,12,0,0,12,12,31,31,34,27,16,22
2022-08-14,10,46,39,22,32,36,74,19,29,81,52,57,45,13,10,39,49,37,63,43,49,29,23,13,3,35,49,14,60,42,21,37,23,22,34,38,10,19,2,11,7,31,31,25,33,14,20
2022-08-21,10,45,46,21,31,35,81,19,27,80,48,58,36,13,15,37,48,43,55,44,47,26,20,12,3,36,55,13,60,25,20,37,24,21,34,36,12,12,0,11,33,30,30,23,16,15,23
2022-08-28,11,43,47,29,35,40,100,19,25,76,51,60,38,13,17,38,53,43,58,59,50,31,19,12,3,36,56,21,55,38,19,38,23,21,34,36,10,0,1,12,30,32,31,16,17,12,20
2022-09-04,15,45,66,58,31,52,89,26,33,75,60,59,42,14,12,41,72,53,60,50,48,34,17,11,3,39,58,37,59,37,18,58,23,20,32,39,10,13,1,11,6,32,30,26,33,13,19
2022-09-11,10,46,58,60,31,50,72,24,35,78,59,63,37,18,13,48,71,76,62,45,56,27,17,11,3,39,58,36,60,58,20,56,26,24,33,38,11,8,0,10,0,36,35,27,33,12,19
2022-09-18,23,56,55,58,36,50,73,26,41,77,58,66,40,28,13,65,95,75,60,54,49,35,15,11,4,47,67,37,61,56,27,75,34,28,44,35,14,9,2,48,29,42,44,13,25,17,24
2022-09-25,25,53,44,58,33,47,75,27,56,72,57,65,32,27,9,67,80,79,62,56,48,36,11,11,5,57,67,30,68,72,39,82,37,28,47,37,14,0,3,39,16,43,48,38,38,18,30
2022-10-02,11,57,42,54,37,40,74,25,54,73,65,64,31,21,6,59,77,84,65,52,46,39,10,11,5,50,62,30,67,59,32,79,32,25,36,41,15,0,0,11,18,38,40,25,24,15,25
2022-10-09,14,58,51,60,35,42,71,28,53,75,79,61,38,21,9,65,77,81,62,53,46,37,11,11,4,52,56,28,62,60,28,87,38,29,33,47,14,11,1,22,0,45,46,19,30,16,23
2022-10-16,8,56,49,62,33,38,72,30,50,73,67,61,40,17,5,60,83,100,57,49,48,32,10,11,4,49,67,30,62,70,23,86,29,23,35,47,11,0,2,18,12,41,37,18,30,12,18
2022-10-23,8,58,42,50,35,42,65,26,50,74,65,60,34,16,7,60,78,85,59,51,53,31,11,10,3,50,66,25,63,68,22,75,27,22,34,46,11,0,1,12,0,34,36,16,22,12,18
2022-10-30,9,55,50,39,32,38,59,29,37,77,68,57,44,15,8,50,73,75,56,42,48,28,10,9,3,50,64,21,67,54,22,74,26,23,37,51,7,0,1,14,0,32,32,9,36,12,17
2022-11-06,7,58,52,49,34,41,65,27,44,80,78,77,33,16,10,55,76,86,59,42,56,30,8,9,3,100,60,26,62,68,20,94,23,21,32,47,8,0,3,16,19,32,31,36,24,11,17
2022-11-13,7,60,51,56,32,42,67,30,43,79,70,69,35,16,11,57,77,86,59,45,55,30,7,10,3,56,61,27,61,63,20,85,25,21,32,48,10,0,0,19,6,34,33,16,21,11,18
2022-11-20,7,56,45,48,30,39,68,29,40,71,73,61,35,15,11,52,77,87,58,47,52,36,7,10,2,70,65,24,53,66,19,86,21,19,67,47,8,0,1,11,0,30,28,22,25,9,16
2022-11-27,6,55,49,48,30,39,75,29,40,74,78,61,35,14,11,52,80,89,63,41,47,46,7,11,2,68,67,24,59,66,19,72,20,18,100,49,9,0,0,9,6,28,24,23,30,10,17
2022-12-04,8,57,56,52,32,40,72,29,41,75,69,62,38,15,14,54,79,80,65,44,48,61,8,10,3,43,63,27,62,57,20,80,22,17,37,51,9,0,1,9,0,31,27,20,41,11,20
2022-12-11,11,57,52,56,34,40,67,34,43,73,81,59,33,16,15,66,81,99,59,44,47,46,7,11,4,44,64,28,62,71,20,89,22,18,32,50,11,17,1,13,8,30,26,10,18,11,20
2022-12-18,13,46,51,40,27,33,56,32,40,66,72,50,57,14,15,33,65,80,47,28,28,27,29,10,3,38,51,19,41,0,21,70,20,19,39,36,7,100,7,0,0,21,26,0,36,8,14
